timestamp,active_cameras,resolution,model_size,avg_fps_per_cam,aggregate_fps,avg_latency_ms,p95_latency_ms,drop_rate_pct,cpu_load_pct,gpu_load_pct,total_bandwidth_mbps,status,bottleneck
2026-10-05 16:37:01,1,720p,nano,30.0,30.0,12.2,45.5,0.0,0.0,31.7,3.19,HEALTHY,None (System Operating within Safe Limits)
2026-10-05 16:37:03,1,720p,nano,30.0,30.0,6.8,8.0,0.0,22.1,30.6,2.81,HEALTHY,None (System Operating within Safe Limits)
2026-10-05 16:37:05,1,720p,nano,30.0,30.0,5.8,7.3,0.0,17.8,31.5,2.62,HEALTHY,None (System Operating within Safe Limits)
2026-10-05 16:37:08,1,720p,nano,30.0,30.0,5.1,6.3,0.0,20.2,32.3,2.7,HEALTHY,None (System Operating within Safe Limits)
2026-10-05 16:37:10,1,720p,nano,30.0,30.0,5.2,6.5,0.0,26.0,33.6,2.99,HEALTHY,None (System Operating within Safe Limits)
2026-10-05 16:37:13,1,720p,nano,30.0,30.0,4.9,6.1,0.0,17.5,32.1,3.18,HEALTHY,None (System Operating within Safe Limits)
2026-10-05 16:37:15,1,720p,nano,30.0,30.0,4.8,6.5,0.0,17.6,33.8,3.1,HEALTHY,None (System Operating within Safe Limits)
2026-10-05 16:37:18,1,720p,nano,30.0,30.0,5.1,7.3,0.0,25.8,32.0,2.83,HEALTHY,None (System Operating within Safe Limits)
2026-10-05 16:37:20,1,720p,nano,30.0,30.0,4.7,5.8,0.0,18.4,30.9,2.62,HEALTHY,None (System Operating within Safe Limits)
2026-10-05 16:37:23,1,720p,nano,30.0,30.0,4.8,5.8,0.0,21.4,30.7,2.68,HEALTHY,None (System Operating within Safe Limits)
2026-10-05 16:37:25,1,720p,nano,30.0,30.0,4.7,6.0,0.0,17.8,32.0,2.91,HEALTHY,None (System Operating within Safe Limits)
2026-10-05 16:37:28,1,720p,nano,30.0,30.0,4.9,6.7,0.0,21.2,32.2,3.14,HEALTHY,None (System Operating within Safe Limits)
2026-10-05 16:37:30,1,720p,nano,30.0,30.0,5.3,6.7,0.0,25.9,33.5,3.15,HEALTHY,None (System Operating within Safe Limits)
2026-10-05 16:37:33,1,720p,nano,30.0,30.0,5.0,6.5,0.0,21.5,33.1,2.75,HEALTHY,None (System Operating within Safe Limits)
2026-10-05 16:37:35,1,720p,nano,30.0,30.0,4.9,6.4,0.0,20.7,31.8,3.03,HEALTHY,None (System Operating within Safe Limits)
2026-10-05 16:37:38,1,720p,nano,30.0,30.0,5.5,9.3,0.0,20.7,32.1,3.19,HEALTHY,None (System Operating within Safe Limits)
2026-10-05 16:37:40,1,720p,nano,30.0,30.0,4.8,6.3,0.0,19.1,31.4,3.09,HEALTHY,None (System Operating within Safe Limits)
2026-10-05 16:37:43,2,720p,nano,8.5,17.0,5.5,10.0,0.0,24.0,44.9,6.06,OVERLOAD,None (System Operating within Safe Limits)
2026-10-05 16:37:45,2,720p,nano,30.0,60.0,4.4,5.3,0.0,24.2,47.2,6.03,HEALTHY,None (System Operating within Safe Limits)
2026-10-05 16:37:48,2,720p,nano,30.0,60.0,6.3,8.4,0.0,29.8,47.5,6.37,HEALTHY,None (System Operating within Safe Limits)
2026-10-05 16:37:50,2,720p,nano,30.0,60.0,6.2,8.6,0.0,23.3,47.3,6.12,HEALTHY,None (System Operating within Safe Limits)
2026-10-05 16:37:53,2,720p,nano,30.0,60.0,6.2,8.3,0.0,26.9,47.8,5.56,HEALTHY,None (System Operating within Safe Limits)
2026-10-05 16:37:55,3,720p,nano,20.7,62.0,6.8,11.1,0.0,27.7,60.6,9.35,DEGRADED,None (System Operating within Safe Limits)
2026-10-05 16:37:58,3,720p,nano,30.0,90.0,6.1,7.9,0.0,33.9,60.1,9.53,HEALTHY,None (System Operating within Safe Limits)
2026-10-05 16:38:00,3,720p,nano,30.0,90.0,5.2,6.9,0.0,32.1,61.6,8.64,HEALTHY,None (System Operating within Safe Limits)
2026-10-05 16:38:03,3,720p,nano,30.0,90.0,5.1,6.2,0.0,38.6,60.4,7.86,HEALTHY,None (System Operating within Safe Limits)
2026-10-05 16:38:05,4,720p,nano,30.0,90.0,5.8,8.2,0.0,38.5,72.6,8.67,HEALTHY,None (System Operating within Safe Limits)
2026-10-05 16:38:08,4,720p,nano,30.0,120.0,5.9,7.8,0.0,37.6,73.5,11.27,HEALTHY,None (System Operating within Safe Limits)
2026-10-05 16:38:11,4,720p,nano,30.0,120.0,5.9,8.0,0.0,47.9,74.1,10.53,HEALTHY,None (System Operating within Safe Limits)
2026-10-05 16:38:13,4,720p,nano,30.0,120.0,5.5,7.0,0.0,44.5,72.7,11.98,HEALTHY,None (System Operating within Safe Limits)
2026-10-05 16:38:16,4,720p,nano,30.0,120.0,5.2,6.6,0.0,44.5,76.0,12.65,HEALTHY,None (System Operating within Safe Limits)
2026-10-05 16:38:19,4,1080p,nano,10.8,43.0,8.5,11.2,0.0,58.8,96.5,16.75,OVERLOAD,GPU Compute Saturation
2026-10-05 16:38:21,4,1080p,nano,30.0,120.0,7.9,10.6,0.0,49.9,94.9,27.1,OVERLOAD,GPU Compute Saturation + Network Bandwidth Ingress
2026-10-05 16:38:24,4,1080p,nano,30.0,120.0,8.1,11.0,0.0,57.1,96.9,25.73,OVERLOAD,GPU Compute Saturation + Network Bandwidth Ingress
2026-10-05 16:38:27,4,1080p,nano,30.0,120.0,6.5,8.4,0.0,55.2,94.4,22.43,OVERLOAD,GPU Compute Saturation + Network Bandwidth Ingress
2026-10-05 16:38:30,4,1080p,nano,30.0,120.0,6.6,8.6,0.0,57.7,95.1,24.58,OVERLOAD,GPU Compute Saturation + Network Bandwidth Ingress
2026-10-05 16:38:32,4,1080p,nano,30.0,120.0,7.1,10.5,0.0,57.7,96.1,27.28,OVERLOAD,GPU Compute Saturation + Network Bandwidth Ingress
2026-10-05 16:38:35,4,1080p,nano,30.0,120.0,6.6,8.9,0.0,55.1,97.0,24.06,OVERLOAD,GPU Compute Saturation + Network Bandwidth Ingress
2026-10-05 16:38:38,4,1080p,nano,30.0,120.0,7.3,9.6,0.0,47.6,96.7,22.37,OVERLOAD,GPU Compute Saturation + Network Bandwidth Ingress
2026-10-05 16:38:41,4,1080p,nano,30.0,120.0,7.9,11.9,0.0,62.5,95.7,25.38,OVERLOAD,GPU Compute Saturation + Network Bandwidth Ingress
2026-10-05 16:38:44,4,1080p,nano,30.0,120.0,9.1,12.6,0.0,65.3,97.8,26.05,OVERLOAD,GPU Compute Saturation + Network Bandwidth Ingress
2026-10-05 16:38:46,4,1080p,nano,30.0,120.0,10.2,15.7,0.0,71.3,98.0,22.52,OVERLOAD,GPU Compute Saturation + Network Bandwidth Ingress
2026-10-05 16:38:49,4,1080p,nano,30.0,120.0,9.5,13.2,0.0,61.6,96.0,26.94,OVERLOAD,GPU Compute Saturation + Network Bandwidth Ingress
2026-10-05 16:38:52,4,1080p,nano,30.0,120.0,8.2,10.9,0.0,69.0,95.9,23.38,OVERLOAD,GPU Compute Saturation + Network Bandwidth Ingress
2026-10-05 16:38:55,4,1080p,nano,30.0,120.0,8.5,12.6,0.0,62.4,97.2,23.8,OVERLOAD,GPU Compute Saturation + Network Bandwidth Ingress
2026-10-05 16:38:58,4,1080p,nano,30.0,120.0,8.5,11.7,0.0,61.3,95.6,27.04,OVERLOAD,GPU Compute Saturation + Network Bandwidth Ingress
2026-10-05 16:39:01,4,1080p,nano,30.0,120.0,7.8,10.3,0.0,54.5,96.0,23.51,OVERLOAD,GPU Compute Saturation + Network Bandwidth Ingress
2026-10-05 16:39:03,4,1080p,nano,30.0,120.0,8.3,11.8,0.0,49.0,97.2,22.63,OVERLOAD,GPU Compute Saturation + Network Bandwidth Ingress
2026-10-05 16:39:06,4,1080p,nano,30.0,120.0,7.6,9.5,0.0,53.6,94.7,25.62,OVERLOAD,GPU Compute Saturation + Network Bandwidth Ingress
2026-10-05 16:39:09,4,1080p,nano,30.0,120.0,7.2,9.2,0.0,54.3,98.0,27.12,OVERLOAD,GPU Compute Saturation + Network Bandwidth Ingress
2026-10-05 16:39:11,4,1080p,nano,30.0,120.0,6.7,9.1,0.0,54.3,98.1,23.24,OVERLOAD,GPU Compute Saturation + Network Bandwidth Ingress
2026-10-05 16:39:14,4,1080p,nano,30.0,120.0,6.9,9.1,0.0,48.3,96.9,22.81,OVERLOAD,GPU Compute Saturation + Network Bandwidth Ingress
2026-10-05 16:39:16,4,1080p,nano,30.0,120.0,7.4,9.8,0.0,52.2,95.2,26.15,OVERLOAD,GPU Compute Saturation + Network Bandwidth Ingress
2026-10-05 16:39:19,4,1080p,nano,30.0,120.0,7.6,10.2,0.0,56.5,94.5,27.01,OVERLOAD,GPU Compute Saturation + Network Bandwidth Ingress
2026-10-05 16:39:22,4,1080p,nano,30.0,120.0,7.4,9.9,0.0,52.0,95.3,23.58,OVERLOAD,GPU Compute Saturation + Network Bandwidth Ingress
2026-10-05 16:39:25,4,1080p,nano,30.0,120.0,7.9,10.8,0.0,55.9,97.5,22.88,OVERLOAD,GPU Compute Saturation + Network Bandwidth Ingress
2026-10-05 16:39:27,4,1080p,nano,30.0,120.0,7.4,10.2,0.0,57.0,97.9,26.68,OVERLOAD,GPU Compute Saturation + Network Bandwidth Ingress
2026-10-05 16:39:30,4,1080p,nano,30.0,120.0,7.2,9.4,0.0,49.1,97.5,26.52,OVERLOAD,GPU Compute Saturation + Network Bandwidth Ingress
2026-10-05 16:39:33,4,1080p,nano,30.0,120.0,8.0,11.0,0.0,55.3,97.5,23.09,OVERLOAD,GPU Compute Saturation + Network Bandwidth Ingress
2026-10-05 16:39:35,4,1080p,nano,30.0,120.0,7.4,10.0,0.0,54.9,96.2,23.84,OVERLOAD,GPU Compute Saturation + Network Bandwidth Ingress
2026-10-05 16:39:38,4,1080p,nano,30.0,120.0,7.0,9.2,0.0,54.6,97.2,26.99,OVERLOAD,GPU Compute Saturation + Network Bandwidth Ingress
2026-10-05 16:39:40,4,1080p,nano,30.0,120.0,7.0,9.0,0.0,47.7,94.4,26.14,OVERLOAD,GPU Compute Saturation + Network Bandwidth Ingress
2026-10-05 16:39:43,4,1080p,nano,30.0,120.0,8.5,12.1,0.0,57.8,96.5,22.92,OVERLOAD,GPU Compute Saturation + Network Bandwidth Ingress
2026-10-05 16:39:46,4,1080p,nano,30.0,120.0,9.6,13.3,0.0,55.4,96.0,24.7,OVERLOAD,GPU Compute Saturation + Network Bandwidth Ingress
2026-10-05 16:39:50,4,1080p,nano,30.0,120.0,10.7,15.5,0.0,65.6,94.8,26.31,OVERLOAD,GPU Compute Saturation + Network Bandwidth Ingress
2026-10-05 16:39:53,4,1080p,nano,30.0,120.0,14.5,21.8,0.0,84.0,97.0,23.6,OVERLOAD,GPU Compute Saturation + Network Bandwidth Ingress
2026-10-05 16:39:56,4,1080p,nano,30.0,120.0,13.8,20.2,0.0,75.9,94.9,25.78,OVERLOAD,GPU Compute Saturation + Network Bandwidth Ingress
2026-10-05 16:39:59,4,1080p,nano,30.0,120.0,12.7,20.0,0.0,73.0,96.7,23.76,OVERLOAD,GPU Compute Saturation + Network Bandwidth Ingress
2026-10-05 16:40:02,4,1080p,nano,30.0,120.0,10.9,15.7,0.0,73.1,95.3,26.11,OVERLOAD,GPU Compute Saturation + Network Bandwidth Ingress
2026-10-05 16:40:05,4,1080p,nano,30.0,120.0,12.1,18.5,0.0,75.5,95.1,23.81,OVERLOAD,GPU Compute Saturation + Network Bandwidth Ingress
2026-10-05 16:40:09,4,1080p,nano,30.0,120.0,11.0,14.9,0.0,77.4,97.0,26.14,OVERLOAD,GPU Compute Saturation + Network Bandwidth Ingress
2026-10-05 16:40:12,4,1080p,nano,30.0,120.0,11.7,18.0,0.0,75.7,94.8,22.96,OVERLOAD,GPU Compute Saturation + Network Bandwidth Ingress
2026-10-05 16:40:16,4,1080p,nano,30.0,120.0,11.9,17.6,0.0,82.7,97.3,25.89,OVERLOAD,GPU Compute Saturation + Network Bandwidth Ingress
2026-10-05 16:40:20,4,1080p,nano,29.5,118.0,16.9,33.0,0.0,89.2,95.0,26.71,OVERLOAD,GPU Compute Saturation + CPU Decode / Scheduling + Network Bandwidth Ingress
2026-10-05 16:40:23,4,1080p,nano,30.0,120.0,10.0,14.6,0.04,84.4,98.1,24.49,OVERLOAD,GPU Compute Saturation + Network Bandwidth Ingress
2026-10-05 16:40:28,4,1080p,nano,27.2,109.0,73.7,119.9,0.17,94.1,97.7,23.06,OVERLOAD,GPU Compute Saturation + CPU Decode / Scheduling + Network Bandwidth Ingress
2026-10-05 16:40:32,4,1080p,nano,26.2,105.0,90.8,129.9,0.71,99.4,96.5,22.58,OVERLOAD,GPU Compute Saturation + CPU Decode / Scheduling + Network Bandwidth Ingress
2026-10-05 16:40:36,4,1080p,nano,30.0,120.0,65.9,99.2,0.85,98.3,96.9,24.16,OVERLOAD,GPU Compute Saturation + CPU Decode / Scheduling + Network Bandwidth Ingress
2026-10-05 16:40:41,4,1080p,nano,26.5,106.0,100.7,139.8,1.43,99.4,94.6,23.27,OVERLOAD,GPU Compute Saturation + CPU Decode / Scheduling + Network Bandwidth Ingress
2026-10-05 16:40:46,4,1080p,nano,24.0,96.0,100.2,132.5,2.04,99.4,94.5,22.71,OVERLOAD,GPU Compute Saturation + CPU Decode / Scheduling + Network Bandwidth Ingress
2026-10-05 16:40:51,4,1080p,nano,23.5,94.0,108.9,157.9,2.72,99.5,98.0,24.39,OVERLOAD,GPU Compute Saturation + CPU Decode / Scheduling + Network Bandwidth Ingress
2026-10-05 16:40:55,4,1080p,nano,20.8,83.0,122.1,192.7,3.42,99.5,95.0,25.67,OVERLOAD,GPU Compute Saturation + CPU Decode / Scheduling + Network Bandwidth Ingress
2026-10-05 16:41:00,4,1080p,nano,22.5,90.0,102.4,140.2,4.02,99.0,95.9,26.56,OVERLOAD,GPU Compute Saturation + CPU Decode / Scheduling + Network Bandwidth Ingress
2026-10-05 16:41:05,4,1080p,nano,18.2,73.0,113.1,170.8,4.46,99.5,96.8,24.72,OVERLOAD,GPU Compute Saturation + CPU Decode / Scheduling + Network Bandwidth Ingress
2026-10-05 16:41:10,4,1080p,nano,25.0,100.0,107.0,141.5,5.01,99.4,97.8,23.38,OVERLOAD,GPU Compute Saturation + CPU Decode / Scheduling + Network Bandwidth Ingress + Queue Buffer Overflow (Drop Frame)
2026-10-05 16:41:14,4,1080p,nano,24.2,97.0,96.8,131.6,5.37,98.9,97.8,23.62,OVERLOAD,GPU Compute Saturation + CPU Decode / Scheduling + Network Bandwidth Ingress + Queue Buffer Overflow (Drop Frame)
2026-10-05 16:41:19,4,1080p,nano,25.5,102.0,101.0,138.8,5.76,97.9,96.3,24.87,OVERLOAD,GPU Compute Saturation + CPU Decode / Scheduling + Network Bandwidth Ingress + Queue Buffer Overflow (Drop Frame)
2026-10-05 16:41:24,4,1080p,nano,21.8,87.0,125.5,190.4,6.35,98.4,97.3,26.05,OVERLOAD,GPU Compute Saturation + CPU Decode / Scheduling + Network Bandwidth Ingress + Queue Buffer Overflow (Drop Frame)
2026-10-05 16:41:28,4,1080p,nano,28.0,112.0,53.8,90.9,6.52,98.6,94.8,24.42,OVERLOAD,GPU Compute Saturation + CPU Decode / Scheduling + Network Bandwidth Ingress + Queue Buffer Overflow (Drop Frame)
2026-10-05 16:41:32,4,1080p,nano,27.5,110.0,57.3,96.0,6.49,98.7,98.3,25.41,OVERLOAD,GPU Compute Saturation + CPU Decode / Scheduling + Network Bandwidth Ingress + Queue Buffer Overflow (Drop Frame)
2026-10-05 16:41:37,4,1080p,nano,30.0,120.0,18.4,34.9,6.36,91.2,94.5,26.16,OVERLOAD,GPU Compute Saturation + CPU Decode / Scheduling + Network Bandwidth Ingress + Queue Buffer Overflow (Drop Frame)
2026-10-05 16:41:40,4,1080p,nano,30.0,120.0,13.7,24.8,6.22,90.8,98.1,26.14,OVERLOAD,GPU Compute Saturation + CPU Decode / Scheduling + Network Bandwidth Ingress + Queue Buffer Overflow (Drop Frame)
2026-10-05 16:41:43,4,1080p,nano,30.0,120.0,12.8,21.1,6.12,85.7,98.0,23.49,OVERLOAD,GPU Compute Saturation + CPU Decode / Scheduling + Network Bandwidth Ingress + Queue Buffer Overflow (Drop Frame)
2026-10-05 16:41:47,4,1080p,nano,30.0,120.0,11.8,17.0,6.02,86.4,94.8,25.29,OVERLOAD,GPU Compute Saturation + CPU Decode / Scheduling + Network Bandwidth Ingress + Queue Buffer Overflow (Drop Frame)
2026-10-05 16:41:51,4,1080p,nano,29.8,119.0,12.9,24.1,5.91,89.4,95.5,25.89,OVERLOAD,GPU Compute Saturation + CPU Decode / Scheduling + Network Bandwidth Ingress + Queue Buffer Overflow (Drop Frame)
2026-10-05 16:41:54,4,1080p,nano,30.0,120.0,14.5,26.0,5.82,87.3,96.4,23.36,OVERLOAD,GPU Compute Saturation + CPU Decode / Scheduling + Network Bandwidth Ingress + Queue Buffer Overflow (Drop Frame)
2026-10-05 16:41:58,4,1080p,nano,30.0,120.0,13.2,19.1,5.72,92.9,95.6,24.86,OVERLOAD,GPU Compute Saturation + CPU Decode / Scheduling + Network Bandwidth Ingress + Queue Buffer Overflow (Drop Frame)
2026-10-05 16:42:01,4,1080p,nano,30.0,120.0,12.6,19.9,5.62,88.4,97.3,26.23,OVERLOAD,GPU Compute Saturation + CPU Decode / Scheduling + Network Bandwidth Ingress + Queue Buffer Overflow (Drop Frame)
2026-10-05 16:42:05,4,1080p,nano,30.2,121.0,16.4,35.2,5.54,88.1,96.4,23.4,OVERLOAD,GPU Compute Saturation + CPU Decode / Scheduling + Network Bandwidth Ingress + Queue Buffer Overflow (Drop Frame)
2026-10-05 16:42:10,4,1080p,nano,29.2,117.0,22.1,36.1,5.44,92.1,95.6,23.25,OVERLOAD,GPU Compute Saturation + CPU Decode / Scheduling + Network Bandwidth Ingress + Queue Buffer Overflow (Drop Frame)
2026-10-05 16:42:14,4,1080p,nano,29.8,119.0,21.8,34.3,5.34,94.2,96.8,23.29,OVERLOAD,GPU Compute Saturation + CPU Decode / Scheduling + Network Bandwidth Ingress + Queue Buffer Overflow (Drop Frame)
2026-10-05 16:42:18,4,1080p,nano,30.2,121.0,23.9,41.0,5.25,95.3,94.9,24.23,OVERLOAD,GPU Compute Saturation + CPU Decode / Scheduling + Network Bandwidth Ingress + Queue Buffer Overflow (Drop Frame)
2026-10-05 16:42:22,4,1080p,nano,30.2,121.0,24.6,44.3,5.15,96.3,97.1,23.37,OVERLOAD,GPU Compute Saturation + CPU Decode / Scheduling + Network Bandwidth Ingress + Queue Buffer Overflow (Drop Frame)
2026-10-05 16:42:27,4,1080p,nano,28.8,115.0,27.1,49.5,5.07,96.6,95.4,24.13,OVERLOAD,GPU Compute Saturation + CPU Decode / Scheduling + Network Bandwidth Ingress + Queue Buffer Overflow (Drop Frame)
2026-10-05 16:42:31,4,1080p,nano,30.0,120.0,25.4,41.2,5.0,97.9,95.6,23.76,OVERLOAD,GPU Compute Saturation + CPU Decode / Scheduling + Network Bandwidth Ingress + Queue Buffer Overflow (Drop Frame)
2026-10-05 16:42:36,4,1080p,nano,29.0,116.0,23.3,42.0,4.91,96.1,97.7,22.85,OVERLOAD,GPU Compute Saturation + CPU Decode / Scheduling + Network Bandwidth Ingress
2026-10-05 16:42:39,4,1080p,nano,30.0,120.0,15.3,26.9,4.84,95.5,95.6,22.67,OVERLOAD,GPU Compute Saturation + CPU Decode / Scheduling + Network Bandwidth Ingress
2026-10-05 16:42:43,4,1080p,nano,30.0,120.0,13.3,19.1,4.77,94.4,97.4,25.12,OVERLOAD,GPU Compute Saturation + CPU Decode / Scheduling + Network Bandwidth Ingress
2026-10-05 16:42:46,4,1080p,nano,30.0,120.0,11.2,15.9,4.71,82.2,94.5,24.87,OVERLOAD,GPU Compute Saturation + Network Bandwidth Ingress
2026-10-05 16:42:49,4,1080p,nano,30.0,120.0,10.2,14.7,4.65,80.4,95.6,24.85,OVERLOAD,GPU Compute Saturation + Network Bandwidth Ingress
2026-10-05 16:42:52,4,1080p,nano,30.0,120.0,9.2,12.2,4.6,78.8,94.7,24.44,OVERLOAD,GPU Compute Saturation + Network Bandwidth Ingress
2026-10-05 16:42:56,4,1080p,nano,30.0,120.0,10.1,14.3,4.54,84.4,95.8,24.69,OVERLOAD,GPU Compute Saturation + Network Bandwidth Ingress
2026-10-05 16:42:59,4,1080p,nano,30.2,121.0,12.8,22.8,4.49,84.9,96.3,26.64,OVERLOAD,GPU Compute Saturation + Network Bandwidth Ingress
2026-10-05 16:43:03,4,1080p,nano,30.0,120.0,10.8,15.6,4.43,82.7,96.7,22.6,OVERLOAD,GPU Compute Saturation + Network Bandwidth Ingress
2026-10-05 16:43:06,4,1080p,nano,30.0,120.0,10.6,16.1,4.38,85.0,94.9,26.83,OVERLOAD,GPU Compute Saturation + Network Bandwidth Ingress
2026-10-05 16:43:09,4,1080p,nano,30.0,120.0,13.3,21.1,4.33,84.1,94.9,22.97,OVERLOAD,GPU Compute Saturation + Network Bandwidth Ingress
2026-10-05 16:43:12,4,1080p,nano,30.0,120.0,11.1,15.4,4.28,84.2,95.6,26.24,OVERLOAD,GPU Compute Saturation + Network Bandwidth Ingress
2026-10-05 16:43:15,4,1080p,nano,30.0,120.0,10.9,17.4,4.23,77.9,97.0,23.02,OVERLOAD,GPU Compute Saturation + Network Bandwidth Ingress
2026-10-05 16:43:19,4,1080p,nano,30.0,120.0,10.1,14.8,4.19,76.3,96.0,27.06,OVERLOAD,GPU Compute Saturation + Network Bandwidth Ingress
2026-10-05 16:43:22,4,1080p,nano,30.0,120.0,10.2,14.1,4.15,84.4,98.1,22.88,OVERLOAD,GPU Compute Saturation + Network Bandwidth Ingress
2026-10-05 16:43:25,4,1080p,nano,30.0,120.0,10.0,13.9,4.1,76.7,97.5,26.94,OVERLOAD,GPU Compute Saturation + Network Bandwidth Ingress
2026-10-05 16:43:28,4,1080p,nano,30.0,120.0,12.8,19.7,4.06,80.2,96.1,22.56,OVERLOAD,GPU Compute Saturation + Network Bandwidth Ingress
2026-10-05 16:43:31,4,1080p,nano,30.0,120.0,10.7,18.2,4.02,76.6,96.8,26.85,OVERLOAD,GPU Compute Saturation + Network Bandwidth Ingress
2026-10-05 16:43:34,4,1080p,nano,30.0,120.0,9.6,13.2,3.98,75.5,97.1,23.76,OVERLOAD,GPU Compute Saturation + Network Bandwidth Ingress
2026-10-05 16:43:37,4,1080p,nano,30.0,120.0,14.6,25.0,3.94,77.6,98.4,26.13,OVERLOAD,GPU Compute Saturation + Network Bandwidth Ingress
2026-10-05 16:43:41,4,1080p,nano,30.0,120.0,8.1,12.4,3.9,65.2,96.9,24.39,OVERLOAD,GPU Compute Saturation + Network Bandwidth Ingress
2026-10-05 16:43:42,4,1080p,nano,30.0,120.0,10.1,13.4,3.86,73.8,95.4,26.59,OVERLOAD,GPU Compute Saturation + Network Bandwidth Ingress
2026-10-05 16:43:45,4,1080p,nano,30.0,120.0,10.6,15.4,3.85,73.1,98.1,23.3,OVERLOAD,GPU Compute Saturation + Network Bandwidth Ingress
2026-10-05 16:43:48,4,1080p,nano,30.0,120.0,9.8,14.4,3.81,72.4,97.9,26.02,OVERLOAD,GPU Compute Saturation + Network Bandwidth Ingress
2026-10-05 16:43:51,4,1080p,nano,30.0,120.0,10.5,16.0,3.78,69.4,95.6,25.67,OVERLOAD,GPU Compute Saturation + Network Bandwidth Ingress
2026-10-05 16:43:54,4,1080p,nano,30.0,120.0,11.6,18.1,3.74,72.3,98.2,23.48,OVERLOAD,GPU Compute Saturation + Network Bandwidth Ingress
2026-10-05 16:43:57,4,1080p,nano,30.2,121.0,9.7,16.0,3.71,83.4,95.2,24.54,OVERLOAD,GPU Compute Saturation + Network Bandwidth Ingress
2026-10-05 16:44:01,4,1080p,nano,30.0,120.0,7.4,10.6,3.67,72.5,94.8,25.34,OVERLOAD,GPU Compute Saturation + Network Bandwidth Ingress
2026-10-05 16:44:03,4,1080p,nano,30.0,120.0,9.2,24.7,3.64,73.1,97.0,24.02,OVERLOAD,GPU Compute Saturation + Network Bandwidth Ingress
2026-10-05 16:44:06,4,1080p,nano,30.0,120.0,5.9,7.7,3.61,54.0,96.5,23.47,OVERLOAD,GPU Compute Saturation + Network Bandwidth Ingress
2026-10-05 16:44:10,4,1080p,nano,30.0,120.0,6.6,8.3,3.57,63.9,98.4,26.71,OVERLOAD,GPU Compute Saturation + Network Bandwidth Ingress
2026-10-05 16:44:13,4,1080p,nano,30.0,120.0,7.7,11.8,3.54,70.5,94.4,23.89,OVERLOAD,GPU Compute Saturation + Network Bandwidth Ingress
2026-10-05 16:44:16,4,1080p,nano,30.0,120.0,6.9,9.0,3.51,66.0,95.8,25.97,OVERLOAD,GPU Compute Saturation + Network Bandwidth Ingress
2026-10-05 16:44:20,4,1080p,nano,30.0,120.0,7.1,9.4,3.47,72.5,95.4,25.25,OVERLOAD,GPU Compute Saturation + Network Bandwidth Ingress
2026-10-05 16:44:23,4,1080p,nano,30.0,120.0,7.1,9.4,3.44,67.2,96.5,24.42,OVERLOAD,GPU Compute Saturation + Network Bandwidth Ingress
2026-10-05 16:44:26,4,1080p,nano,30.0,120.0,6.0,7.8,3.41,60.5,94.6,25.01,OVERLOAD,GPU Compute Saturation + Network Bandwidth Ingress
2026-10-05 16:44:29,4,1080p,nano,30.0,120.0,6.7,9.1,3.39,60.8,96.4,25.49,OVERLOAD,GPU Compute Saturation + Network Bandwidth Ingress
2026-10-05 16:44:31,4,1080p,nano,30.0,120.0,6.1,8.2,3.36,50.7,95.2,22.53,OVERLOAD,GPU Compute Saturation + Network Bandwidth Ingress
2026-10-05 16:44:34,4,1080p,nano,30.0,120.0,6.4,8.3,3.33,53.5,96.0,26.37,OVERLOAD,GPU Compute Saturation + Network Bandwidth Ingress
2026-10-05 16:44:37,4,1080p,nano,30.0,120.0,6.5,9.3,3.31,52.6,96.2,25.89,OVERLOAD,GPU Compute Saturation + Network Bandwidth Ingress
2026-10-05 16:44:40,4,1080p,nano,30.0,120.0,6.2,8.3,3.28,57.8,96.6,22.51,OVERLOAD,GPU Compute Saturation + Network Bandwidth Ingress
2026-10-05 16:44:43,4,1080p,nano,30.0,120.0,5.8,7.5,3.26,53.9,95.7,26.48,OVERLOAD,GPU Compute Saturation + Network Bandwidth Ingress
2026-10-05 16:44:46,4,1080p,nano,30.0,120.0,5.8,7.7,3.23,50.7,95.0,24.51,OVERLOAD,GPU Compute Saturation + Network Bandwidth Ingress
2026-10-05 16:44:49,4,1080p,nano,30.0,120.0,5.8,7.1,3.21,54.5,98.0,23.0,OVERLOAD,GPU Compute Saturation + Network Bandwidth Ingress
2026-10-05 16:44:52,4,1080p,nano,30.0,120.0,5.8,7.4,3.19,46.3,94.7,27.02,OVERLOAD,GPU Compute Saturation + Network Bandwidth Ingress
2026-10-05 16:44:54,4,1080p,nano,30.0,120.0,6.2,8.9,3.16,57.9,97.9,23.8,OVERLOAD,GPU Compute Saturation + Network Bandwidth Ingress
2026-10-05 16:44:57,4,1080p,nano,30.0,120.0,5.8,7.7,3.14,51.6,94.8,23.48,OVERLOAD,GPU Compute Saturation + Network Bandwidth Ingress
2026-10-05 16:45:00,4,1080p,nano,30.0,120.0,7.0,10.5,3.12,64.3,95.7,27.13,OVERLOAD,GPU Compute Saturation + Network Bandwidth Ingress
2026-10-05 16:45:04,4,1080p,nano,30.0,120.0,6.5,9.8,3.09,62.6,97.2,22.52,OVERLOAD,GPU Compute Saturation + Network Bandwidth Ingress
2026-10-05 16:45:07,4,1080p,nano,30.0,120.0,6.9,10.1,3.07,66.3,97.7,27.11,OVERLOAD,GPU Compute Saturation + Network Bandwidth Ingress
2026-10-05 16:45:10,4,1080p,nano,30.0,120.0,5.8,7.8,3.04,59.0,96.1,22.47,OVERLOAD,GPU Compute Saturation + Network Bandwidth Ingress
2026-10-05 16:45:13,4,1080p,nano,30.0,120.0,6.4,9.9,3.02,56.7,95.6,26.35,OVERLOAD,GPU Compute Saturation + Network Bandwidth Ingress
2026-10-05 16:45:16,4,1080p,nano,30.0,120.0,9.5,16.0,3.0,74.4,97.0,24.19,OVERLOAD,GPU Compute Saturation + Network Bandwidth Ingress
2026-10-05 16:45:20,4,1080p,nano,30.0,120.0,9.2,12.8,2.98,87.0,97.0,26.73,OVERLOAD,GPU Compute Saturation + CPU Decode / Scheduling + Network Bandwidth Ingress
2026-10-05 16:45:23,4,1080p,nano,30.0,120.0,7.5,11.6,2.95,80.1,95.3,22.85,OVERLOAD,GPU Compute Saturation + Network Bandwidth Ingress
2026-10-05 16:45:26,4,1080p,nano,30.0,120.0,5.8,7.4,2.93,56.7,95.8,27.13,OVERLOAD,GPU Compute Saturation + Network Bandwidth Ingress
2026-10-05 16:45:29,4,1080p,nano,30.0,120.0,6.1,8.5,2.91,55.7,96.7,23.08,OVERLOAD,GPU Compute Saturation + Network Bandwidth Ingress
2026-10-05 16:45:32,4,1080p,nano,30.0,120.0,7.2,10.8,2.89,63.1,95.4,24.84,OVERLOAD,GPU Compute Saturation + Network Bandwidth Ingress
2026-10-05 16:45:35,4,1080p,nano,30.0,120.0,7.1,11.7,2.87,72.9,96.5,24.17,OVERLOAD,GPU Compute Saturation + Network Bandwidth Ingress
2026-10-05 16:45:38,4,1080p,nano,30.0,120.0,7.7,11.6,2.85,70.7,97.1,25.7,OVERLOAD,GPU Compute Saturation + Network Bandwidth Ingress
2026-10-05 16:45:41,4,1080p,nano,30.0,120.0,7.1,9.5,2.83,66.6,96.4,24.65,OVERLOAD,GPU Compute Saturation + Network Bandwidth Ingress
2026-10-05 16:45:44,4,1080p,nano,30.0,120.0,6.3,9.1,2.81,65.7,97.4,25.08,OVERLOAD,GPU Compute Saturation + Network Bandwidth Ingress
2026-10-05 16:45:47,4,1080p,nano,30.0,120.0,6.8,9.7,2.79,61.8,95.1,26.1,OVERLOAD,GPU Compute Saturation + Network Bandwidth Ingress
2026-10-05 16:45:50,4,1080p,nano,30.0,120.0,5.8,7.5,2.77,52.3,97.7,22.43,OVERLOAD,GPU Compute Saturation + Network Bandwidth Ingress
2026-10-05 16:45:53,4,1080p,nano,30.0,120.0,6.2,8.2,2.75,61.3,94.6,26.87,OVERLOAD,GPU Compute Saturation + Network Bandwidth Ingress
2026-10-05 16:45:56,4,1080p,nano,30.0,120.0,10.5,14.3,2.73,72.3,97.7,23.46,OVERLOAD,GPU Compute Saturation + Network Bandwidth Ingress
2026-10-05 16:45:59,4,1080p,nano,30.0,120.0,10.9,16.6,2.71,74.4,97.6,25.86,OVERLOAD,GPU Compute Saturation + Network Bandwidth Ingress
2026-10-05 16:46:03,4,1080p,nano,30.0,120.0,11.7,17.8,2.7,73.7,98.4,24.79,OVERLOAD,GPU Compute Saturation + Network Bandwidth Ingress
2026-10-05 16:46:06,4,1080p,nano,30.0,120.0,13.0,18.8,2.68,78.5,98.2,25.42,OVERLOAD,GPU Compute Saturation + Network Bandwidth Ingress
2026-10-05 16:46:09,4,1080p,nano,30.0,120.0,13.2,20.1,2.66,72.0,97.9,24.9,OVERLOAD,GPU Compute Saturation + Network Bandwidth Ingress
2026-10-05 16:46:12,4,1080p,nano,30.0,120.0,7.8,12.0,2.64,62.3,97.0,24.83,OVERLOAD,GPU Compute Saturation + Network Bandwidth Ingress
2026-10-05 16:46:15,4,1080p,nano,30.0,120.0,6.9,10.7,2.63,57.0,97.5,26.5,OVERLOAD,GPU Compute Saturation + Network Bandwidth Ingress
2026-10-05 16:46:18,4,1080p,nano,30.0,120.0,7.3,11.2,2.61,60.7,94.6,22.45,OVERLOAD,GPU Compute Saturation + Network Bandwidth Ingress
2026-10-05 16:46:21,4,1080p,nano,30.0,120.0,5.8,7.3,2.59,57.8,98.2,26.6,OVERLOAD,GPU Compute Saturation + Network Bandwidth Ingress
2026-10-05 16:46:24,4,1080p,nano,30.0,120.0,5.8,7.8,2.58,58.0,96.2,24.49,OVERLOAD,GPU Compute Saturation + Network Bandwidth Ingress
2026-10-05 16:46:27,4,1080p,nano,30.0,120.0,5.9,7.8,2.56,56.4,94.8,24.11,OVERLOAD,GPU Compute Saturation + Network Bandwidth Ingress
2026-10-05 16:46:29,4,1080p,nano,30.0,120.0,6.4,9.1,2.55,60.9,97.2,26.76,OVERLOAD,GPU Compute Saturation + Network Bandwidth Ingress
2026-10-05 16:46:32,4,1080p,nano,30.0,120.0,6.0,7.6,2.53,56.2,96.2,22.47,OVERLOAD,GPU Compute Saturation + Network Bandwidth Ingress
2026-10-05 16:46:35,4,1080p,nano,30.0,120.0,6.2,8.1,2.52,58.1,97.9,26.22,OVERLOAD,GPU Compute Saturation + Network Bandwidth Ingress
2026-10-05 16:46:38,4,1080p,nano,30.0,120.0,6.0,8.0,2.5,48.0,96.9,25.29,OVERLOAD,GPU Compute Saturation + Network Bandwidth Ingress
2026-10-05 16:46:41,4,1080p,nano,30.0,120.0,6.2,8.4,2.49,59.7,97.8,23.31,OVERLOAD,GPU Compute Saturation + Network Bandwidth Ingress
2026-10-05 16:46:45,4,1080p,nano,30.0,120.0,8.2,11.7,2.47,73.8,97.3,27.04,OVERLOAD,GPU Compute Saturation + Network Bandwidth Ingress
2026-10-05 16:46:48,4,1080p,nano,30.0,120.0,7.4,10.2,2.45,80.2,97.5,24.09,OVERLOAD,GPU Compute Saturation + Network Bandwidth Ingress
2026-10-05 16:46:52,4,1080p,nano,30.0,120.0,9.0,19.0,2.44,77.0,95.0,24.27,OVERLOAD,GPU Compute Saturation + Network Bandwidth Ingress
2026-10-05 16:46:55,4,1080p,nano,30.0,120.0,8.6,17.8,2.42,74.6,95.4,26.25,OVERLOAD,GPU Compute Saturation + Network Bandwidth Ingress
2026-10-05 16:46:58,4,1080p,nano,30.0,120.0,7.4,11.6,2.41,80.8,95.2,22.72,OVERLOAD,GPU Compute Saturation + Network Bandwidth Ingress
2026-10-05 16:47:01,4,1080p,nano,30.0,120.0,8.1,11.1,2.39,73.7,95.6,27.18,OVERLOAD,GPU Compute Saturation + Network Bandwidth Ingress
2026-10-05 16:47:04,4,1080p,nano,30.0,120.0,6.5,8.8,2.38,62.9,97.8,22.7,OVERLOAD,GPU Compute Saturation + Network Bandwidth Ingress
2026-10-05 16:47:08,4,1080p,nano,30.0,120.0,9.6,13.9,2.36,77.1,95.2,27.05,OVERLOAD,GPU Compute Saturation + Network Bandwidth Ingress
2026-10-05 16:47:12,4,1080p,nano,30.0,120.0,11.0,17.1,2.35,80.5,96.7,22.56,OVERLOAD,GPU Compute Saturation + Network Bandwidth Ingress
2026-10-05 16:47:15,4,1080p,nano,30.0,120.0,11.3,16.8,2.33,80.1,94.5,23.95,OVERLOAD,GPU Compute Saturation + Network Bandwidth Ingress
2026-10-05 16:47:18,4,1080p,nano,30.0,120.0,9.0,15.9,2.31,83.0,98.1,27.17,OVERLOAD,GPU Compute Saturation + Network Bandwidth Ingress
2026-10-05 16:47:22,4,1080p,nano,30.0,120.0,7.4,9.5,2.3,67.0,97.4,22.4,OVERLOAD,GPU Compute Saturation + Network Bandwidth Ingress
2026-10-05 16:47:26,4,1080p,nano,30.0,120.0,10.9,17.9,2.29,83.5,96.6,26.33,OVERLOAD,GPU Compute Saturation + Network Bandwidth Ingress
2026-10-05 16:47:29,4,1080p,nano,30.0,120.0,7.7,11.7,2.27,78.5,96.7,25.72,OVERLOAD,GPU Compute Saturation + Network Bandwidth Ingress
2026-10-05 16:47:32,4,1080p,nano,30.0,120.0,7.0,9.9,2.26,66.1,97.2,24.69,OVERLOAD,GPU Compute Saturation + Network Bandwidth Ingress
2026-10-05 16:47:35,4,1080p,nano,30.0,120.0,7.0,9.6,2.24,70.7,97.6,25.67,OVERLOAD,GPU Compute Saturation + Network Bandwidth Ingress
2026-10-05 16:47:38,4,1080p,nano,30.0,120.0,6.8,8.9,2.23,69.8,95.9,24.33,OVERLOAD,GPU Compute Saturation + Network Bandwidth Ingress
2026-10-05 16:47:41,4,1080p,nano,30.0,120.0,6.9,8.9,2.22,61.5,98.3,24.66,OVERLOAD,GPU Compute Saturation + Network Bandwidth Ingress
2026-10-05 16:47:45,4,1080p,nano,30.0,120.0,7.2,10.5,2.21,68.3,94.7,25.05,OVERLOAD,GPU Compute Saturation + Network Bandwidth Ingress
2026-10-05 16:47:48,4,1080p,nano,30.0,120.0,7.5,12.3,2.19,75.5,96.4,26.2,OVERLOAD,GPU Compute Saturation + Network Bandwidth Ingress
2026-10-05 16:47:51,4,1080p,nano,30.0,120.0,6.7,9.4,2.18,67.1,97.9,23.16,OVERLOAD,GPU Compute Saturation + Network Bandwidth Ingress
2026-10-05 16:47:54,4,1080p,nano,30.0,120.0,6.5,8.6,2.17,68.4,97.6,26.57,OVERLOAD,GPU Compute Saturation + Network Bandwidth Ingress
2026-10-05 16:47:58,4,1080p,nano,30.0,120.0,6.2,8.4,2.16,64.8,98.1,23.87,OVERLOAD,GPU Compute Saturation + Network Bandwidth Ingress
2026-10-05 16:48:01,4,1080p,nano,30.0,120.0,10.4,20.3,2.14,78.6,96.7,26.68,OVERLOAD,GPU Compute Saturation + Network Bandwidth Ingress
2026-10-05 16:48:04,4,1080p,nano,30.0,120.0,9.0,13.8,2.13,73.9,98.1,22.95,OVERLOAD,GPU Compute Saturation + Network Bandwidth Ingress
2026-10-05 16:48:07,4,1080p,nano,30.0,120.0,6.5,8.7,2.12,65.0,96.1,26.87,OVERLOAD,GPU Compute Saturation + Network Bandwidth Ingress
2026-10-05 16:48:10,4,1080p,nano,30.0,120.0,7.2,10.3,2.11,63.0,96.9,23.45,OVERLOAD,GPU Compute Saturation + Network Bandwidth Ingress
2026-10-05 16:48:13,4,1080p,nano,30.0,120.0,7.6,11.0,2.1,61.1,96.4,25.68,OVERLOAD,GPU Compute Saturation + Network Bandwidth Ingress
2026-10-05 16:48:16,4,1080p,nano,30.0,120.0,7.5,10.6,2.09,64.6,97.6,25.05,OVERLOAD,GPU Compute Saturation + Network Bandwidth Ingress
2026-10-05 16:48:19,4,1080p,nano,30.0,120.0,6.3,7.8,2.08,61.5,96.7,23.2,OVERLOAD,GPU Compute Saturation + Network Bandwidth Ingress
2026-10-05 16:48:22,4,1080p,nano,30.0,120.0,6.3,9.1,2.07,73.6,97.6,25.8,OVERLOAD,GPU Compute Saturation + Network Bandwidth Ingress
2026-10-05 16:48:25,4,1080p,nano,30.0,120.0,6.6,8.2,2.06,63.3,97.0,22.96,OVERLOAD,GPU Compute Saturation + Network Bandwidth Ingress
2026-10-05 16:48:28,4,1080p,nano,30.0,120.0,6.5,8.7,2.05,63.9,97.6,27.18,OVERLOAD,GPU Compute Saturation + Network Bandwidth Ingress
2026-10-05 16:48:31,4,1080p,nano,30.0,120.0,6.8,9.6,2.04,60.5,98.3,22.57,OVERLOAD,GPU Compute Saturation + Network Bandwidth Ingress
2026-10-05 16:48:34,4,1080p,nano,30.0,120.0,6.7,8.9,2.03,62.8,97.4,26.14,OVERLOAD,GPU Compute Saturation + Network Bandwidth Ingress
2026-10-05 16:48:37,4,1080p,nano,30.0,120.0,6.8,10.0,2.02,64.7,97.9,24.83,OVERLOAD,GPU Compute Saturation + Network Bandwidth Ingress
2026-10-05 16:48:41,4,1080p,nano,30.0,120.0,6.5,8.6,2.01,61.6,97.7,23.33,OVERLOAD,GPU Compute Saturation + Network Bandwidth Ingress
2026-10-05 16:48:44,4,1080p,nano,30.0,120.0,6.3,8.0,2.0,64.7,97.5,26.24,OVERLOAD,GPU Compute Saturation + Network Bandwidth Ingress
2026-10-05 16:48:47,4,1080p,nano,30.0,120.0,7.0,9.5,1.99,68.0,97.9,22.96,OVERLOAD,GPU Compute Saturation + Network Bandwidth Ingress
2026-10-05 16:48:50,4,1080p,nano,30.0,120.0,6.0,8.2,1.98,59.4,94.8,27.12,OVERLOAD,GPU Compute Saturation + Network Bandwidth Ingress
2026-10-05 16:48:53,4,1080p,nano,30.0,120.0,6.6,9.6,1.97,68.8,95.9,22.38,OVERLOAD,GPU Compute Saturation + Network Bandwidth Ingress
2026-10-05 16:48:56,4,1080p,nano,30.0,120.0,7.0,8.8,1.96,58.8,94.7,26.82,OVERLOAD,GPU Compute Saturation + Network Bandwidth Ingress
2026-10-05 16:48:59,4,1080p,nano,30.0,120.0,7.8,11.2,1.95,74.4,94.9,22.39,OVERLOAD,GPU Compute Saturation + Network Bandwidth Ingress
2026-10-05 16:49:03,4,1080p,nano,30.0,120.0,9.2,13.2,1.94,80.5,98.3,27.22,OVERLOAD,GPU Compute Saturation + Network Bandwidth Ingress
2026-10-05 16:49:06,4,1080p,nano,30.0,120.0,9.0,12.2,1.93,75.7,95.4,22.4,OVERLOAD,GPU Compute Saturation + Network Bandwidth Ingress
2026-10-05 16:49:09,4,1080p,nano,30.0,120.0,10.1,15.4,1.92,80.3,96.1,27.22,OVERLOAD,GPU Compute Saturation + Network Bandwidth Ingress
2026-10-05 16:49:12,4,1080p,nano,30.0,120.0,9.0,12.1,1.91,69.9,95.3,22.54,OVERLOAD,GPU Compute Saturation + Network Bandwidth Ingress
2026-10-05 16:49:15,4,1080p,nano,30.0,120.0,6.9,11.5,1.9,66.7,96.9,27.17,OVERLOAD,GPU Compute Saturation + Network Bandwidth Ingress
2026-10-05 16:49:18,4,1080p,nano,30.0,120.0,5.8,7.5,1.89,56.0,95.6,22.57,OVERLOAD,GPU Compute Saturation + Network Bandwidth Ingress
2026-10-05 16:49:21,4,1080p,nano,30.0,120.0,6.5,8.8,1.88,61.7,97.5,26.84,OVERLOAD,GPU Compute Saturation + Network Bandwidth Ingress
2026-10-05 16:49:24,4,1080p,nano,30.0,120.0,6.3,8.5,1.87,49.6,97.8,24.71,OVERLOAD,GPU Compute Saturation + Network Bandwidth Ingress
2026-10-05 16:49:27,4,1080p,nano,30.0,120.0,6.2,7.9,1.87,51.2,95.7,22.61,OVERLOAD,GPU Compute Saturation + Network Bandwidth Ingress
2026-10-05 16:49:30,4,1080p,nano,30.0,120.0,6.8,9.3,1.86,48.9,98.2,26.85,OVERLOAD,GPU Compute Saturation + Network Bandwidth Ingress
2026-10-05 16:49:32,4,1080p,nano,30.0,120.0,6.6,8.8,1.85,48.5,96.5,24.92,OVERLOAD,GPU Compute Saturation + Network Bandwidth Ingress
2026-10-05 16:49:35,4,1080p,nano,30.0,120.0,7.3,12.0,1.84,52.4,94.9,22.58,OVERLOAD,GPU Compute Saturation + Network Bandwidth Ingress
2026-10-05 16:49:38,4,1080p,nano,30.0,120.0,6.4,9.0,1.83,55.4,97.4,26.76,OVERLOAD,GPU Compute Saturation + Network Bandwidth Ingress
2026-10-05 16:49:41,4,1080p,nano,30.0,120.0,6.7,9.2,1.83,62.4,97.0,24.33,OVERLOAD,GPU Compute Saturation + Network Bandwidth Ingress
2026-10-05 16:49:45,4,1080p,nano,30.0,120.0,8.2,10.8,1.82,76.3,96.5,24.73,OVERLOAD,GPU Compute Saturation + Network Bandwidth Ingress
2026-10-05 16:49:47,4,1080p,nano,30.0,120.0,6.1,7.9,1.81,65.3,97.4,23.93,OVERLOAD,GPU Compute Saturation + Network Bandwidth Ingress
2026-10-05 16:49:51,4,1080p,nano,30.0,120.0,5.8,7.6,1.8,54.9,95.3,23.87,OVERLOAD,GPU Compute Saturation + Network Bandwidth Ingress
2026-10-05 16:49:54,4,1080p,nano,30.0,120.0,7.0,8.8,1.79,65.9,97.5,26.57,OVERLOAD,GPU Compute Saturation + Network Bandwidth Ingress
2026-10-05 16:49:56,4,1080p,nano,30.0,120.0,7.2,12.3,1.79,58.5,97.2,22.45,OVERLOAD,GPU Compute Saturation + Network Bandwidth Ingress
2026-10-05 16:49:59,4,1080p,nano,30.0,120.0,6.1,7.9,1.78,50.4,95.3,26.75,OVERLOAD,GPU Compute Saturation + Network Bandwidth Ingress
2026-10-05 16:50:02,4,1080p,nano,30.0,120.0,5.8,8.2,1.77,52.3,97.3,24.58,OVERLOAD,GPU Compute Saturation + Network Bandwidth Ingress
2026-10-05 16:50:05,4,1080p,nano,30.0,120.0,5.9,7.4,1.76,52.6,94.6,23.1,OVERLOAD,GPU Compute Saturation + Network Bandwidth Ingress
2026-10-05 16:50:08,4,1080p,nano,30.0,120.0,6.8,9.1,1.76,58.2,96.2,26.9,OVERLOAD,GPU Compute Saturation + Network Bandwidth Ingress
2026-10-05 16:50:11,4,1080p,nano,30.0,120.0,6.7,8.7,1.75,49.3,94.6,22.55,OVERLOAD,GPU Compute Saturation + Network Bandwidth Ingress
2026-10-05 16:50:14,4,1080p,nano,30.0,120.0,6.3,8.1,1.74,47.9,96.8,25.8,OVERLOAD,GPU Compute Saturation + Network Bandwidth Ingress
2026-10-05 16:50:17,4,1080p,nano,30.0,120.0,6.6,8.9,1.74,58.8,97.1,25.83,OVERLOAD,GPU Compute Saturation + Network Bandwidth Ingress
2026-10-05 16:50:20,4,1080p,nano,30.0,120.0,6.1,7.8,1.73,52.5,97.2,22.46,OVERLOAD,GPU Compute Saturation + Network Bandwidth Ingress
2026-10-05 16:50:23,4,1080p,nano,30.0,120.0,6.5,9.7,1.72,51.7,96.4,26.89,OVERLOAD,GPU Compute Saturation + Network Bandwidth Ingress
2026-10-05 16:50:25,4,1080p,nano,30.0,120.0,6.2,8.1,1.71,46.4,97.1,24.98,OVERLOAD,GPU Compute Saturation + Network Bandwidth Ingress
2026-10-05 16:50:28,4,1080p,nano,30.0,120.0,6.3,8.9,1.71,56.9,95.4,22.82,OVERLOAD,GPU Compute Saturation + Network Bandwidth Ingress
2026-10-05 16:50:31,4,1080p,nano,30.0,120.0,5.5,7.1,1.7,49.9,95.4,27.13,OVERLOAD,GPU Compute Saturation + Network Bandwidth Ingress
2026-10-05 16:50:34,4,1080p,nano,30.0,120.0,6.0,7.7,1.69,58.5,95.5,22.61,OVERLOAD,GPU Compute Saturation + Network Bandwidth Ingress
2026-10-05 16:50:37,4,1080p,nano,30.0,120.0,6.3,8.4,1.69,61.1,95.6,25.82,OVERLOAD,GPU Compute Saturation + Network Bandwidth Ingress
2026-10-05 16:50:40,4,1080p,nano,30.0,120.0,6.0,7.5,1.68,56.9,97.0,25.12,OVERLOAD,GPU Compute Saturation + Network Bandwidth Ingress
2026-10-05 16:50:43,4,1080p,nano,30.0,120.0,6.6,9.8,1.67,54.0,96.7,23.22,OVERLOAD,GPU Compute Saturation + Network Bandwidth Ingress
2026-10-05 16:50:46,4,1080p,nano,30.0,120.0,6.0,7.3,1.67,52.1,96.6,27.18,OVERLOAD,GPU Compute Saturation + Network Bandwidth Ingress
2026-10-05 16:50:49,4,1080p,nano,30.0,120.0,6.7,10.9,1.66,57.1,97.7,23.28,OVERLOAD,GPU Compute Saturation + Network Bandwidth Ingress
2026-10-05 16:50:52,4,1080p,nano,30.0,120.0,6.0,7.8,1.65,54.0,95.7,24.46,OVERLOAD,GPU Compute Saturation + Network Bandwidth Ingress
2026-10-05 16:50:55,4,1080p,nano,30.0,120.0,5.7,7.5,1.65,55.8,94.7,26.15,OVERLOAD,GPU Compute Saturation + Network Bandwidth Ingress
2026-10-05 16:50:58,4,1080p,nano,30.0,120.0,6.0,7.8,1.64,49.0,97.7,22.38,OVERLOAD,GPU Compute Saturation + Network Bandwidth Ingress
2026-10-05 16:51:01,4,1080p,nano,30.0,120.0,7.0,9.7,1.63,59.1,98.1,27.13,OVERLOAD,GPU Compute Saturation + Network Bandwidth Ingress
2026-10-05 16:51:04,4,1080p,nano,30.0,120.0,6.9,8.8,1.63,59.3,98.3,22.81,OVERLOAD,GPU Compute Saturation + Network Bandwidth Ingress
2026-10-05 16:51:07,4,1080p,nano,30.0,120.0,6.6,8.3,1.62,54.0,96.8,26.11,OVERLOAD,GPU Compute Saturation + Network Bandwidth Ingress
2026-10-05 16:51:10,4,1080p,nano,30.0,120.0,7.9,10.9,1.61,65.0,96.5,24.39,OVERLOAD,GPU Compute Saturation + Network Bandwidth Ingress
2026-10-05 16:51:13,4,1080p,nano,30.0,120.0,6.7,8.8,1.61,51.9,95.2,23.7,OVERLOAD,GPU Compute Saturation + Network Bandwidth Ingress
2026-10-05 16:51:16,4,1080p,nano,30.0,120.0,6.8,9.6,1.6,57.9,96.3,26.42,OVERLOAD,GPU Compute Saturation + Network Bandwidth Ingress
2026-10-05 16:51:19,4,1080p,nano,30.0,120.0,7.5,10.7,1.6,65.7,98.4,22.63,OVERLOAD,GPU Compute Saturation + Network Bandwidth Ingress
2026-10-05 16:51:23,4,1080p,nano,30.0,120.0,7.8,11.3,1.59,66.9,96.2,26.93,OVERLOAD,GPU Compute Saturation + Network Bandwidth Ingress
2026-10-05 16:51:26,4,1080p,nano,30.0,120.0,7.9,13.3,1.58,62.0,98.1,22.48,OVERLOAD,GPU Compute Saturation + Network Bandwidth Ingress
2026-10-05 16:51:29,4,1080p,nano,30.0,120.0,6.3,9.3,1.58,58.9,97.0,27.21,OVERLOAD,GPU Compute Saturation + Network Bandwidth Ingress
2026-10-05 16:51:32,4,1080p,nano,30.0,120.0,6.8,9.9,1.57,61.9,96.7,22.47,OVERLOAD,GPU Compute Saturation + Network Bandwidth Ingress
2026-10-05 16:51:35,4,1080p,nano,30.0,120.0,6.8,8.3,1.56,55.0,98.1,26.64,OVERLOAD,GPU Compute Saturation + Network Bandwidth Ingress
2026-10-05 16:51:38,4,1080p,nano,30.0,120.0,5.9,7.5,1.56,60.8,95.5,22.93,OVERLOAD,GPU Compute Saturation + Network Bandwidth Ingress
2026-10-05 16:51:42,4,1080p,nano,30.0,120.0,10.1,16.8,1.55,76.7,95.7,27.08,OVERLOAD,GPU Compute Saturation + Network Bandwidth Ingress
2026-10-05 16:51:45,4,1080p,nano,30.0,120.0,7.2,10.6,1.54,72.8,95.4,22.64,OVERLOAD,GPU Compute Saturation + Network Bandwidth Ingress
2026-10-05 16:51:48,4,1080p,nano,30.0,120.0,8.2,15.7,1.54,74.4,96.6,25.79,OVERLOAD,GPU Compute Saturation + Network Bandwidth Ingress
2026-10-05 16:51:52,4,1080p,nano,30.0,120.0,7.5,11.1,1.53,66.6,95.1,23.2,OVERLOAD,GPU Compute Saturation + Network Bandwidth Ingress
2026-10-05 16:51:55,4,1080p,nano,30.0,120.0,10.3,17.6,1.53,70.7,94.4,26.15,OVERLOAD,GPU Compute Saturation + Network Bandwidth Ingress
2026-10-05 16:51:58,4,1080p,nano,30.0,120.0,9.7,17.4,1.52,73.8,94.4,23.97,OVERLOAD,GPU Compute Saturation + Network Bandwidth Ingress
2026-10-05 16:52:02,4,1080p,nano,30.0,120.0,8.3,11.9,1.51,76.4,94.8,23.43,OVERLOAD,GPU Compute Saturation + Network Bandwidth Ingress
2026-10-05 16:52:05,4,1080p,nano,30.0,120.0,8.2,13.3,1.51,74.1,97.6,27.18,OVERLOAD,GPU Compute Saturation + Network Bandwidth Ingress
2026-10-05 16:52:08,4,1080p,nano,30.0,120.0,8.4,13.1,1.5,66.9,97.7,22.38,OVERLOAD,GPU Compute Saturation + Network Bandwidth Ingress
2026-10-05 16:52:11,4,1080p,nano,30.0,120.0,6.9,9.2,1.5,51.6,97.9,26.87,OVERLOAD,GPU Compute Saturation + Network Bandwidth Ingress
2026-10-05 16:52:14,4,1080p,nano,30.0,120.0,7.8,11.6,1.49,60.3,97.2,23.68,OVERLOAD,GPU Compute Saturation + Network Bandwidth Ingress
2026-10-05 16:52:17,4,1080p,nano,30.0,120.0,7.7,11.9,1.49,59.9,95.5,24.57,OVERLOAD,GPU Compute Saturation + Network Bandwidth Ingress
2026-10-05 16:52:20,4,1080p,nano,30.0,120.0,7.3,9.6,1.48,68.2,95.5,24.38,OVERLOAD,GPU Compute Saturation + Network Bandwidth Ingress
2026-10-05 16:52:23,4,1080p,nano,30.0,120.0,7.4,9.7,1.47,61.5,95.9,24.33,OVERLOAD,GPU Compute Saturation + Network Bandwidth Ingress
2026-10-05 16:52:26,4,1080p,nano,30.0,120.0,6.8,9.1,1.47,52.2,95.2,26.4,OVERLOAD,GPU Compute Saturation + Network Bandwidth Ingress
2026-10-05 16:52:30,4,1080p,nano,30.0,120.0,7.0,10.2,1.46,65.8,95.7,23.16,OVERLOAD,GPU Compute Saturation + Network Bandwidth Ingress
2026-10-05 16:52:33,4,1080p,nano,30.0,120.0,6.2,8.2,1.46,55.8,95.2,26.93,OVERLOAD,GPU Compute Saturation + Network Bandwidth Ingress
2026-10-05 16:52:36,4,1080p,nano,30.0,120.0,7.0,9.5,1.45,60.8,95.2,22.44,OVERLOAD,GPU Compute Saturation + Network Bandwidth Ingress
2026-10-05 16:52:39,4,1080p,nano,30.0,120.0,6.5,9.2,1.45,63.6,97.8,27.22,OVERLOAD,GPU Compute Saturation + Network Bandwidth Ingress
2026-10-05 16:52:42,4,1080p,nano,30.0,120.0,6.3,8.1,1.44,63.1,96.3,22.41,OVERLOAD,GPU Compute Saturation + Network Bandwidth Ingress
2026-10-05 16:52:45,4,1080p,nano,30.0,120.0,7.2,10.8,1.44,65.0,94.8,27.13,OVERLOAD,GPU Compute Saturation + Network Bandwidth Ingress
2026-10-05 16:52:49,4,1080p,nano,30.0,120.0,6.7,8.4,1.43,63.3,95.4,22.42,OVERLOAD,GPU Compute Saturation + Network Bandwidth Ingress
2026-10-05 16:52:52,4,1080p,nano,30.0,120.0,7.0,10.6,1.43,60.8,97.6,27.19,OVERLOAD,GPU Compute Saturation + Network Bandwidth Ingress
2026-10-05 16:52:55,4,1080p,nano,30.0,120.0,6.7,8.8,1.42,59.7,97.6,22.52,OVERLOAD,GPU Compute Saturation + Network Bandwidth Ingress
2026-10-05 16:52:58,4,1080p,nano,30.0,120.0,7.1,9.6,1.42,62.8,98.2,27.21,OVERLOAD,GPU Compute Saturation + Network Bandwidth Ingress
2026-10-05 16:53:01,4,1080p,nano,30.0,120.0,7.2,9.8,1.41,56.6,98.2,22.67,OVERLOAD,GPU Compute Saturation + Network Bandwidth Ingress
2026-10-05 16:53:04,4,1080p,nano,30.0,120.0,6.6,8.9,1.41,58.2,95.2,26.6,OVERLOAD,GPU Compute Saturation + Network Bandwidth Ingress
2026-10-05 16:53:07,4,1080p,nano,30.0,120.0,7.3,11.0,1.4,61.5,95.1,24.1,OVERLOAD,GPU Compute Saturation + Network Bandwidth Ingress
2026-10-05 16:53:10,4,1080p,nano,30.0,120.0,6.6,8.3,1.4,54.0,95.9,23.97,OVERLOAD,GPU Compute Saturation + Network Bandwidth Ingress
2026-10-05 16:53:13,4,1080p,nano,30.0,120.0,6.8,9.1,1.39,63.9,96.7,25.46,OVERLOAD,GPU Compute Saturation + Network Bandwidth Ingress
2026-10-05 16:53:16,4,1080p,nano,30.0,120.0,6.5,8.2,1.39,59.9,97.9,23.6,OVERLOAD,GPU Compute Saturation + Network Bandwidth Ingress
2026-10-05 16:53:19,4,1080p,nano,30.0,120.0,7.6,9.6,1.38,62.3,97.5,26.36,OVERLOAD,GPU Compute Saturation + Network Bandwidth Ingress
2026-10-05 16:53:22,4,1080p,nano,30.0,120.0,7.7,11.0,1.38,70.4,95.3,22.87,OVERLOAD,GPU Compute Saturation + Network Bandwidth Ingress
2026-10-05 16:53:25,4,1080p,nano,30.0,120.0,6.5,8.2,1.37,56.9,95.9,27.19,OVERLOAD,GPU Compute Saturation + Network Bandwidth Ingress
2026-10-05 16:53:28,4,1080p,nano,30.0,120.0,8.3,13.3,1.37,64.1,94.5,22.55,OVERLOAD,GPU Compute Saturation + Network Bandwidth Ingress
2026-10-05 16:53:32,4,1080p,nano,30.0,120.0,6.9,8.9,1.36,50.5,98.3,25.93,OVERLOAD,GPU Compute Saturation + Network Bandwidth Ingress
2026-10-05 16:53:35,4,1080p,nano,30.0,120.0,6.4,8.3,1.36,57.5,96.8,23.51,OVERLOAD,GPU Compute Saturation + Network Bandwidth Ingress
2026-10-05 16:53:38,4,1080p,nano,30.0,120.0,6.9,8.5,1.35,61.9,98.2,25.15,OVERLOAD,GPU Compute Saturation + Network Bandwidth Ingress
2026-10-05 16:53:41,4,1080p,nano,30.0,120.0,6.2,7.8,1.35,52.7,98.1,25.17,OVERLOAD,GPU Compute Saturation + Network Bandwidth Ingress
2026-10-05 16:53:44,4,1080p,nano,30.0,120.0,7.4,11.7,1.35,63.0,96.7,23.86,OVERLOAD,GPU Compute Saturation + Network Bandwidth Ingress
2026-10-05 16:53:47,4,1080p,nano,30.0,120.0,7.0,8.8,1.34,62.4,94.7,26.86,OVERLOAD,GPU Compute Saturation + Network Bandwidth Ingress
2026-10-05 16:53:50,4,1080p,nano,30.0,120.0,6.8,9.1,1.34,61.4,97.3,22.64,OVERLOAD,GPU Compute Saturation + Network Bandwidth Ingress
2026-10-05 16:53:53,4,1080p,nano,30.0,120.0,6.7,8.7,1.33,58.1,96.7,27.19,OVERLOAD,GPU Compute Saturation + Network Bandwidth Ingress
2026-10-05 16:53:56,4,1080p,nano,30.0,120.0,6.3,8.1,1.33,60.7,97.6,22.38,OVERLOAD,GPU Compute Saturation + Network Bandwidth Ingress
2026-10-05 16:53:59,4,1080p,nano,30.0,120.0,6.8,9.7,1.32,59.0,96.5,27.11,OVERLOAD,GPU Compute Saturation + Network Bandwidth Ingress
2026-10-05 16:54:02,4,1080p,nano,30.0,120.0,6.4,7.8,1.32,55.6,95.9,22.98,OVERLOAD,GPU Compute Saturation + Network Bandwidth Ingress
2026-10-05 16:54:05,4,1080p,nano,30.0,120.0,8.0,11.2,1.31,66.3,98.1,25.99,OVERLOAD,GPU Compute Saturation + Network Bandwidth Ingress
2026-10-05 16:54:09,4,1080p,nano,30.0,120.0,6.7,8.6,1.31,59.2,97.4,24.78,OVERLOAD,GPU Compute Saturation + Network Bandwidth Ingress
2026-10-05 16:54:12,4,1080p,nano,30.0,120.0,6.6,8.8,1.31,59.4,96.3,25.19,OVERLOAD,GPU Compute Saturation + Network Bandwidth Ingress
2026-10-05 16:54:15,4,1080p,nano,30.0,120.0,9.8,14.4,1.3,72.0,96.6,24.35,OVERLOAD,GPU Compute Saturation + Network Bandwidth Ingress
2026-10-05 16:54:19,4,1080p,nano,30.0,120.0,8.6,12.9,1.3,73.0,96.3,26.99,OVERLOAD,GPU Compute Saturation + Network Bandwidth Ingress
2026-10-05 16:54:22,4,1080p,nano,30.0,120.0,9.2,19.7,1.29,79.6,97.0,22.79,OVERLOAD,GPU Compute Saturation + Network Bandwidth Ingress
2026-10-05 16:54:25,4,1080p,nano,30.0,120.0,6.9,9.6,1.29,57.9,95.5,27.16,OVERLOAD,GPU Compute Saturation + Network Bandwidth Ingress
2026-10-05 16:54:28,4,1080p,nano,30.0,120.0,6.6,8.7,1.28,56.5,97.2,22.44,OVERLOAD,GPU Compute Saturation + Network Bandwidth Ingress
2026-10-05 16:54:31,4,1080p,nano,30.0,120.0,7.1,11.2,1.28,59.6,95.5,26.85,OVERLOAD,GPU Compute Saturation + Network Bandwidth Ingress
2026-10-05 16:54:34,4,1080p,nano,30.0,120.0,6.2,7.6,1.28,58.2,95.3,23.66,OVERLOAD,GPU Compute Saturation + Network Bandwidth Ingress
2026-10-05 16:54:37,4,1080p,nano,30.0,120.0,7.5,11.8,1.27,60.8,96.6,24.83,OVERLOAD,GPU Compute Saturation + Network Bandwidth Ingress
2026-10-05 16:54:40,4,1080p,nano,30.0,120.0,6.4,8.2,1.27,51.9,96.8,26.37,OVERLOAD,GPU Compute Saturation + Network Bandwidth Ingress
2026-10-05 16:54:43,4,1080p,nano,30.0,120.0,6.5,9.2,1.26,57.6,95.7,22.74,OVERLOAD,GPU Compute Saturation + Network Bandwidth Ingress
2026-10-05 16:54:46,4,1080p,nano,30.0,120.0,6.5,8.4,1.26,60.9,95.5,27.13,OVERLOAD,GPU Compute Saturation + Network Bandwidth Ingress
2026-10-05 16:54:50,4,1080p,nano,30.0,120.0,6.8,9.5,1.26,66.6,94.7,22.42,OVERLOAD,GPU Compute Saturation + Network Bandwidth Ingress
2026-10-05 16:54:53,4,1080p,nano,30.0,120.0,6.7,9.6,1.25,69.0,97.6,27.07,OVERLOAD,GPU Compute Saturation + Network Bandwidth Ingress
2026-10-05 16:54:55,4,1080p,nano,30.0,120.0,6.2,8.1,1.25,52.1,95.7,22.47,OVERLOAD,GPU Compute Saturation + Network Bandwidth Ingress
2026-10-05 16:54:58,4,1080p,nano,30.0,120.0,6.7,9.1,1.24,52.7,95.5,25.96,OVERLOAD,GPU Compute Saturation + Network Bandwidth Ingress
2026-10-05 16:55:01,4,1080p,nano,30.0,120.0,6.5,8.5,1.24,49.5,96.2,25.98,OVERLOAD,GPU Compute Saturation + Network Bandwidth Ingress
2026-10-05 16:55:04,4,1080p,nano,30.0,120.0,6.3,8.4,1.24,55.7,94.6,23.09,OVERLOAD,GPU Compute Saturation + Network Bandwidth Ingress
2026-10-05 16:55:07,4,1080p,nano,30.0,120.0,6.4,8.2,1.23,49.3,98.4,27.18,OVERLOAD,GPU Compute Saturation + Network Bandwidth Ingress
2026-10-05 16:55:10,4,1080p,nano,30.0,120.0,6.3,7.9,1.23,50.3,98.3,23.4,OVERLOAD,GPU Compute Saturation + Network Bandwidth Ingress
2026-10-05 16:55:13,4,1080p,nano,30.0,120.0,6.7,10.2,1.23,54.5,95.1,24.38,OVERLOAD,GPU Compute Saturation + Network Bandwidth Ingress
2026-10-05 16:55:16,4,1080p,nano,30.0,120.0,5.9,7.3,1.22,52.2,95.8,26.96,OVERLOAD,GPU Compute Saturation + Network Bandwidth Ingress
2026-10-05 16:55:19,4,1080p,nano,30.0,120.0,6.2,9.5,1.22,57.7,96.7,22.71,OVERLOAD,GPU Compute Saturation + Network Bandwidth Ingress
2026-10-05 16:55:22,4,1080p,nano,30.0,120.0,6.4,7.8,1.22,54.9,97.2,25.92,OVERLOAD,GPU Compute Saturation + Network Bandwidth Ingress
2026-10-05 16:55:25,4,1080p,nano,30.0,120.0,7.2,9.9,1.21,58.0,97.5,25.0,OVERLOAD,GPU Compute Saturation + Network Bandwidth Ingress
2026-10-05 16:55:28,4,1080p,nano,30.0,120.0,7.5,10.9,1.21,57.7,97.5,22.78,OVERLOAD,GPU Compute Saturation + Network Bandwidth Ingress
2026-10-05 16:55:31,4,1080p,nano,30.0,120.0,6.4,8.3,1.21,55.7,98.0,27.05,OVERLOAD,GPU Compute Saturation + Network Bandwidth Ingress
2026-10-05 16:55:34,4,1080p,nano,30.0,120.0,7.5,10.0,1.2,66.8,94.7,22.55,OVERLOAD,GPU Compute Saturation + Network Bandwidth Ingress
2026-10-05 16:55:37,4,1080p,nano,30.0,120.0,7.4,12.3,1.2,62.0,94.5,26.96,OVERLOAD,GPU Compute Saturation + Network Bandwidth Ingress
2026-10-05 16:55:40,4,1080p,nano,30.0,120.0,7.7,15.0,1.19,67.1,98.4,23.02,OVERLOAD,GPU Compute Saturation + Network Bandwidth Ingress
2026-10-05 16:55:44,4,1080p,nano,30.0,120.0,7.1,9.3,1.19,56.7,96.0,27.2,OVERLOAD,GPU Compute Saturation + Network Bandwidth Ingress
2026-10-05 16:55:47,4,1080p,nano,30.0,120.0,6.8,10.0,1.19,60.9,97.2,22.67,OVERLOAD,GPU Compute Saturation + Network Bandwidth Ingress
2026-10-05 16:55:50,4,1080p,nano,30.0,120.0,9.2,15.2,1.18,70.5,98.3,26.91,OVERLOAD,GPU Compute Saturation + Network Bandwidth Ingress
2026-10-05 16:55:53,4,1080p,nano,30.0,120.0,6.5,8.1,1.18,55.0,96.5,22.7,OVERLOAD,GPU Compute Saturation + Network Bandwidth Ingress
2026-10-05 16:55:56,4,1080p,nano,30.0,120.0,9.6,17.4,1.18,68.7,95.1,27.17,OVERLOAD,GPU Compute Saturation + Network Bandwidth Ingress
2026-10-05 16:56:00,4,1080p,nano,30.0,120.0,7.6,10.8,1.17,66.7,96.1,22.42,OVERLOAD,GPU Compute Saturation + Network Bandwidth Ingress
2026-10-05 16:56:03,4,1080p,nano,30.0,120.0,7.7,10.4,1.17,71.3,94.9,26.88,OVERLOAD,GPU Compute Saturation + Network Bandwidth Ingress
2026-10-05 16:56:06,4,1080p,nano,29.8,119.0,7.7,11.0,1.17,67.1,97.7,22.6,OVERLOAD,GPU Compute Saturation + Network Bandwidth Ingress
2026-10-05 16:56:10,4,1080p,nano,30.0,120.0,7.6,11.5,1.16,74.0,98.0,24.75,OVERLOAD,GPU Compute Saturation + Network Bandwidth Ingress
2026-10-05 16:56:13,4,1080p,nano,30.0,120.0,8.1,13.1,1.16,69.9,94.7,25.94,OVERLOAD,GPU Compute Saturation + Network Bandwidth Ingress
2026-10-05 16:56:16,4,1080p,nano,30.0,120.0,8.3,11.9,1.15,65.5,97.7,24.45,OVERLOAD,GPU Compute Saturation + Network Bandwidth Ingress
2026-10-05 16:56:19,4,1080p,nano,30.0,120.0,9.3,12.7,1.15,70.2,97.9,26.05,OVERLOAD,GPU Compute Saturation + Network Bandwidth Ingress
2026-10-05 16:56:22,4,1080p,nano,30.0,120.0,10.1,14.3,1.15,66.9,95.8,23.83,OVERLOAD,GPU Compute Saturation + Network Bandwidth Ingress
2026-10-05 16:56:25,4,1080p,nano,30.0,120.0,9.1,12.2,1.14,54.5,97.9,24.43,OVERLOAD,GPU Compute Saturation + Network Bandwidth Ingress
2026-10-05 16:56:28,4,1080p,nano,30.0,120.0,11.2,16.4,1.14,70.3,95.6,26.58,OVERLOAD,GPU Compute Saturation + Network Bandwidth Ingress
2026-10-05 16:56:32,4,1080p,nano,30.0,120.0,9.9,13.9,1.14,67.0,96.5,22.83,OVERLOAD,GPU Compute Saturation + Network Bandwidth Ingress
2026-10-05 16:56:35,4,1080p,nano,30.0,120.0,10.2,14.3,1.13,69.3,96.1,26.51,OVERLOAD,GPU Compute Saturation + Network Bandwidth Ingress
2026-10-05 16:56:38,4,1080p,nano,30.0,120.0,10.4,14.6,1.13,68.8,96.0,22.85,OVERLOAD,GPU Compute Saturation + Network Bandwidth Ingress
2026-10-05 16:56:41,4,1080p,nano,30.0,120.0,9.7,13.1,1.13,64.1,96.5,27.18,OVERLOAD,GPU Compute Saturation + Network Bandwidth Ingress
2026-10-05 16:56:44,4,1080p,nano,30.0,120.0,11.6,21.4,1.13,69.8,97.3,22.46,OVERLOAD,GPU Compute Saturation + Network Bandwidth Ingress
2026-10-05 16:56:47,4,1080p,nano,30.0,120.0,9.1,12.6,1.12,63.2,94.6,26.34,OVERLOAD,GPU Compute Saturation + Network Bandwidth Ingress
2026-10-05 16:56:50,4,1080p,nano,30.0,120.0,9.8,13.5,1.12,74.3,97.6,23.06,OVERLOAD,GPU Compute Saturation + Network Bandwidth Ingress
2026-10-05 16:56:53,4,1080p,nano,30.0,120.0,8.2,12.8,1.12,74.5,97.3,27.19,OVERLOAD,GPU Compute Saturation + Network Bandwidth Ingress
2026-10-05 16:56:56,4,1080p,nano,30.0,120.0,5.6,7.2,1.11,44.3,95.8,24.12,OVERLOAD,GPU Compute Saturation + Network Bandwidth Ingress
2026-10-05 16:56:59,4,1080p,nano,30.0,120.0,6.3,9.4,1.11,45.5,95.1,22.63,OVERLOAD,GPU Compute Saturation + Network Bandwidth Ingress
2026-10-05 16:57:02,4,1080p,nano,30.0,120.0,8.4,11.3,1.11,64.3,96.8,26.91,OVERLOAD,GPU Compute Saturation + Network Bandwidth Ingress
2026-10-05 16:57:05,4,1080p,nano,30.0,120.0,8.5,12.0,1.1,60.8,95.5,24.2,OVERLOAD,GPU Compute Saturation + Network Bandwidth Ingress
2026-10-05 16:57:07,4,1080p,nano,30.0,120.0,8.9,11.8,1.1,53.0,97.7,22.93,OVERLOAD,GPU Compute Saturation + Network Bandwidth Ingress
2026-10-05 16:57:10,4,1080p,nano,30.0,120.0,10.2,18.7,1.1,61.6,95.2,27.03,OVERLOAD,GPU Compute Saturation + Network Bandwidth Ingress
2026-10-05 16:57:13,4,1080p,nano,30.0,120.0,8.8,12.2,1.1,56.7,96.6,24.63,OVERLOAD,GPU Compute Saturation + Network Bandwidth Ingress
2026-10-05 16:57:16,4,1080p,nano,30.0,120.0,9.7,13.4,1.09,61.0,94.6,22.93,OVERLOAD,GPU Compute Saturation + Network Bandwidth Ingress
2026-10-05 16:57:19,4,1080p,nano,30.0,120.0,8.3,11.1,1.09,65.5,95.3,27.19,OVERLOAD,GPU Compute Saturation + Network Bandwidth Ingress
2026-10-05 16:57:22,4,1080p,nano,30.0,120.0,8.7,11.5,1.09,72.1,96.5,22.46,OVERLOAD,GPU Compute Saturation + Network Bandwidth Ingress
2026-10-05 16:57:25,4,1080p,nano,30.0,120.0,9.4,13.3,1.08,76.6,96.0,26.84,OVERLOAD,GPU Compute Saturation + Network Bandwidth Ingress
2026-10-05 16:57:28,4,1080p,nano,30.0,120.0,8.9,12.2,1.08,75.9,97.9,23.36,OVERLOAD,GPU Compute Saturation + Network Bandwidth Ingress
2026-10-05 16:57:31,4,1080p,nano,30.0,120.0,9.4,13.3,1.08,77.4,94.4,25.37,OVERLOAD,GPU Compute Saturation + Network Bandwidth Ingress
2026-10-05 16:57:34,4,1080p,nano,30.0,120.0,8.1,10.2,1.08,68.7,97.4,25.46,OVERLOAD,GPU Compute Saturation + Network Bandwidth Ingress
2026-10-05 16:57:37,4,1080p,nano,30.0,120.0,8.1,10.2,1.07,65.6,97.1,23.45,OVERLOAD,GPU Compute Saturation + Network Bandwidth Ingress
2026-10-05 16:57:40,4,1080p,nano,30.0,120.0,8.4,11.2,1.07,69.5,94.8,27.04,OVERLOAD,GPU Compute Saturation + Network Bandwidth Ingress
2026-10-05 16:57:43,4,1080p,nano,30.0,120.0,8.7,12.4,1.07,61.2,95.5,22.49,OVERLOAD,GPU Compute Saturation + Network Bandwidth Ingress
2026-10-05 16:57:46,4,1080p,nano,30.0,120.0,8.4,11.4,1.07,61.0,97.9,25.96,OVERLOAD,GPU Compute Saturation + Network Bandwidth Ingress
2026-10-05 16:57:49,4,1080p,nano,30.0,120.0,9.1,12.3,1.06,60.7,94.5,25.77,OVERLOAD,GPU Compute Saturation + Network Bandwidth Ingress
2026-10-05 16:57:52,4,1080p,nano,30.0,120.0,8.5,11.2,1.06,61.0,95.3,22.47,OVERLOAD,GPU Compute Saturation + Network Bandwidth Ingress
2026-10-05 16:57:55,4,1080p,nano,30.0,120.0,8.0,10.1,1.06,57.7,98.3,26.69,OVERLOAD,GPU Compute Saturation + Network Bandwidth Ingress
2026-10-05 16:57:58,4,1080p,nano,30.0,120.0,11.0,21.2,1.05,71.6,97.7,23.93,OVERLOAD,GPU Compute Saturation + Network Bandwidth Ingress
2026-10-05 16:58:01,4,1080p,nano,30.0,120.0,7.2,8.9,1.05,64.7,95.7,25.89,OVERLOAD,GPU Compute Saturation + Network Bandwidth Ingress
2026-10-05 16:58:04,4,1080p,nano,30.0,120.0,6.7,9.0,1.05,63.0,95.8,23.54,OVERLOAD,GPU Compute Saturation + Network Bandwidth Ingress
2026-10-05 16:58:07,4,1080p,nano,30.0,120.0,7.1,9.8,1.05,59.8,96.7,25.44,OVERLOAD,GPU Compute Saturation + Network Bandwidth Ingress
2026-10-05 16:58:10,4,1080p,nano,30.0,120.0,7.3,10.4,1.04,56.0,97.1,25.15,OVERLOAD,GPU Compute Saturation + Network Bandwidth Ingress
2026-10-05 16:58:14,4,1080p,nano,30.0,120.0,8.6,15.4,1.04,68.9,94.4,23.74,OVERLOAD,GPU Compute Saturation + Network Bandwidth Ingress
2026-10-05 16:58:17,4,1080p,nano,30.0,120.0,7.7,12.1,1.04,64.8,96.3,26.77,OVERLOAD,GPU Compute Saturation + Network Bandwidth Ingress
2026-10-05 16:58:20,4,1080p,nano,30.0,120.0,6.6,8.4,1.04,61.4,95.1,22.71,OVERLOAD,GPU Compute Saturation + Network Bandwidth Ingress
2026-10-05 16:58:23,4,1080p,nano,30.0,120.0,7.5,9.7,1.03,73.1,95.3,26.75,OVERLOAD,GPU Compute Saturation + Network Bandwidth Ingress
2026-10-05 16:58:26,4,1080p,nano,30.0,120.0,7.3,12.4,1.03,64.5,98.0,23.05,OVERLOAD,GPU Compute Saturation + Network Bandwidth Ingress
2026-10-05 16:58:29,4,1080p,nano,30.0,120.0,7.6,11.1,1.03,66.5,97.1,26.04,OVERLOAD,GPU Compute Saturation + Network Bandwidth Ingress
2026-10-05 16:58:33,4,1080p,nano,30.0,120.0,7.0,9.0,1.02,58.0,95.2,22.93,OVERLOAD,GPU Compute Saturation + Network Bandwidth Ingress
2026-10-05 16:58:36,4,1080p,nano,30.0,120.0,6.6,9.0,1.02,63.3,95.5,26.14,OVERLOAD,GPU Compute Saturation + Network Bandwidth Ingress
2026-10-05 16:58:39,4,1080p,nano,30.0,120.0,7.9,10.4,1.02,74.4,96.2,23.47,OVERLOAD,GPU Compute Saturation + Network Bandwidth Ingress
2026-10-05 16:58:42,4,1080p,nano,30.0,120.0,6.3,7.9,1.02,59.1,96.3,26.64,OVERLOAD,GPU Compute Saturation + Network Bandwidth Ingress
2026-10-05 16:58:45,4,1080p,nano,30.0,120.0,6.7,9.6,1.01,61.6,97.5,22.59,OVERLOAD,GPU Compute Saturation + Network Bandwidth Ingress
2026-10-05 16:58:48,4,1080p,nano,30.0,120.0,6.8,8.8,1.01,65.4,95.0,27.12,OVERLOAD,GPU Compute Saturation + Network Bandwidth Ingress
2026-10-05 16:58:52,4,1080p,nano,30.0,120.0,6.8,9.7,1.01,66.9,98.2,22.59,OVERLOAD,GPU Compute Saturation + Network Bandwidth Ingress
2026-10-05 16:58:55,4,1080p,nano,30.0,120.0,13.6,19.6,1.01,83.9,96.0,26.53,OVERLOAD,GPU Compute Saturation + Network Bandwidth Ingress
2026-10-05 16:58:59,4,1080p,nano,30.0,120.0,11.6,16.6,1.0,86.3,95.1,24.81,OVERLOAD,GPU Compute Saturation + CPU Decode / Scheduling + Network Bandwidth Ingress
2026-10-05 16:59:02,4,1080p,nano,30.0,120.0,16.1,26.5,1.0,91.5,94.4,22.93,OVERLOAD,GPU Compute Saturation + CPU Decode / Scheduling + Network Bandwidth Ingress
2026-10-05 16:59:06,4,1080p,nano,30.0,120.0,17.4,28.5,1.0,94.2,96.9,26.87,OVERLOAD,GPU Compute Saturation + CPU Decode / Scheduling + Network Bandwidth Ingress
2026-10-05 16:59:10,4,1080p,nano,30.0,120.0,11.4,20.4,0.99,86.8,97.4,25.68,OVERLOAD,GPU Compute Saturation + CPU Decode / Scheduling + Network Bandwidth Ingress
2026-10-05 16:59:13,4,1080p,nano,30.0,120.0,7.9,12.9,0.99,74.7,95.0,22.51,OVERLOAD,GPU Compute Saturation + Network Bandwidth Ingress
2026-10-05 16:59:16,4,1080p,nano,30.0,120.0,6.0,7.7,0.99,56.2,98.2,26.86,OVERLOAD,GPU Compute Saturation + Network Bandwidth Ingress
2026-10-05 16:59:19,4,1080p,nano,30.0,120.0,6.4,8.3,0.99,66.2,96.3,22.51,OVERLOAD,GPU Compute Saturation + Network Bandwidth Ingress
2026-10-05 16:59:22,4,1080p,nano,30.0,120.0,7.0,9.6,0.98,62.8,97.5,26.88,OVERLOAD,GPU Compute Saturation + Network Bandwidth Ingress
2026-10-05 16:59:25,4,1080p,nano,30.0,120.0,6.4,7.8,0.98,57.3,96.8,23.27,OVERLOAD,GPU Compute Saturation + Network Bandwidth Ingress
2026-10-05 16:59:28,4,1080p,nano,30.0,120.0,6.4,10.0,0.98,65.9,94.7,26.77,OVERLOAD,GPU Compute Saturation + Network Bandwidth Ingress
2026-10-05 16:59:32,4,1080p,nano,30.0,120.0,6.3,8.1,0.98,59.3,94.8,23.37,OVERLOAD,GPU Compute Saturation + Network Bandwidth Ingress
2026-10-05 16:59:35,4,1080p,nano,30.0,120.0,9.7,14.7,0.97,77.7,95.2,26.92,OVERLOAD,GPU Compute Saturation + Network Bandwidth Ingress
2026-10-05 16:59:38,4,1080p,nano,30.0,120.0,8.7,15.0,0.97,61.1,98.1,22.52,OVERLOAD,GPU Compute Saturation + Network Bandwidth Ingress
2026-10-05 16:59:41,4,1080p,nano,30.0,120.0,6.8,8.8,0.97,59.7,98.3,26.97,OVERLOAD,GPU Compute Saturation + Network Bandwidth Ingress
2026-10-05 16:59:45,4,1080p,nano,30.0,120.0,8.0,12.0,0.97,75.8,94.7,22.47,OVERLOAD,GPU Compute Saturation + Network Bandwidth Ingress
2026-10-05 16:59:48,4,1080p,nano,30.0,120.0,6.3,8.3,0.96,59.2,97.1,27.01,OVERLOAD,GPU Compute Saturation + Network Bandwidth Ingress
2026-10-05 16:59:51,4,1080p,nano,30.0,120.0,6.0,7.7,0.96,59.8,95.6,22.7,OVERLOAD,GPU Compute Saturation + Network Bandwidth Ingress
2026-10-05 16:59:54,4,1080p,nano,30.5,122.0,9.6,15.6,0.96,73.3,96.5,26.76,OVERLOAD,GPU Compute Saturation + Network Bandwidth Ingress
2026-10-05 16:59:57,4,1080p,nano,30.0,120.0,7.4,9.8,0.96,64.6,97.4,23.01,OVERLOAD,GPU Compute Saturation + Network Bandwidth Ingress
2026-10-05 17:00:00,4,1080p,nano,30.0,120.0,6.7,11.5,0.96,64.8,95.8,27.01,OVERLOAD,GPU Compute Saturation + Network Bandwidth Ingress
2026-10-05 17:00:04,4,1080p,nano,30.0,120.0,7.5,10.9,0.95,63.1,97.0,23.06,OVERLOAD,GPU Compute Saturation + Network Bandwidth Ingress
2026-10-05 17:00:07,4,1080p,nano,30.0,120.0,6.3,8.1,0.95,61.7,96.2,26.78,OVERLOAD,GPU Compute Saturation + Network Bandwidth Ingress
2026-10-05 17:00:10,4,1080p,nano,30.0,120.0,10.1,26.8,0.95,75.3,98.4,22.57,OVERLOAD,GPU Compute Saturation + Network Bandwidth Ingress
2026-10-05 17:00:13,4,1080p,nano,30.0,120.0,7.4,10.6,0.95,61.9,96.6,27.11,OVERLOAD,GPU Compute Saturation + Network Bandwidth Ingress
2026-10-05 17:00:16,4,1080p,nano,30.0,120.0,6.5,8.6,0.94,65.0,95.3,22.5,OVERLOAD,GPU Compute Saturation + Network Bandwidth Ingress
2026-10-05 17:00:19,4,1080p,nano,30.0,120.0,7.1,9.6,0.94,65.0,97.3,26.93,OVERLOAD,GPU Compute Saturation + Network Bandwidth Ingress
2026-10-05 17:00:22,4,1080p,nano,30.0,120.0,6.3,8.4,0.94,57.0,97.1,23.08,OVERLOAD,GPU Compute Saturation + Network Bandwidth Ingress
2026-10-05 17:00:25,4,1080p,nano,30.0,120.0,6.7,8.8,0.94,57.5,98.4,25.19,OVERLOAD,GPU Compute Saturation + Network Bandwidth Ingress
2026-10-05 17:00:29,4,1080p,nano,30.0,120.0,7.0,9.7,0.93,59.3,96.2,25.67,OVERLOAD,GPU Compute Saturation + Network Bandwidth Ingress
2026-10-05 17:00:32,4,1080p,nano,30.0,120.0,6.2,10.1,0.93,65.7,97.2,24.05,OVERLOAD,GPU Compute Saturation + Network Bandwidth Ingress
2026-10-05 17:00:35,4,1080p,nano,30.0,120.0,6.1,7.9,0.93,59.3,94.8,25.87,OVERLOAD,GPU Compute Saturation + Network Bandwidth Ingress
2026-10-05 17:00:38,4,1080p,nano,30.0,120.0,12.9,35.5,0.93,80.3,95.7,24.68,OVERLOAD,GPU Compute Saturation + Network Bandwidth Ingress
2026-10-05 17:00:41,4,1080p,nano,30.0,120.0,7.5,11.0,0.93,65.7,96.5,25.95,OVERLOAD,GPU Compute Saturation + Network Bandwidth Ingress
2026-10-05 17:00:44,4,1080p,nano,30.0,120.0,5.6,6.9,0.92,59.3,96.6,23.23,OVERLOAD,GPU Compute Saturation + Network Bandwidth Ingress
2026-10-05 17:00:47,4,1080p,nano,30.0,120.0,6.8,9.2,0.92,59.3,97.2,27.07,OVERLOAD,GPU Compute Saturation + Network Bandwidth Ingress
2026-10-05 17:00:51,4,1080p,nano,30.0,120.0,6.2,8.8,0.92,55.9,95.4,22.49,OVERLOAD,GPU Compute Saturation + Network Bandwidth Ingress
2026-10-05 17:00:54,4,1080p,nano,30.2,121.0,11.5,21.6,0.92,77.6,96.6,27.02,OVERLOAD,GPU Compute Saturation + Network Bandwidth Ingress
2026-10-05 17:00:57,4,1080p,nano,30.0,120.0,7.6,9.7,0.92,66.1,98.1,22.59,OVERLOAD,GPU Compute Saturation + Network Bandwidth Ingress
2026-10-05 17:01:00,4,1080p,nano,30.0,120.0,6.5,8.2,0.91,54.5,96.5,27.06,OVERLOAD,GPU Compute Saturation + Network Bandwidth Ingress
2026-10-05 17:01:03,4,1080p,nano,30.0,120.0,9.3,14.4,0.91,68.9,94.6,22.68,OVERLOAD,GPU Compute Saturation + Network Bandwidth Ingress
2026-10-05 17:01:06,4,1080p,nano,30.0,120.0,9.6,12.4,0.91,78.2,96.8,26.55,OVERLOAD,GPU Compute Saturation + Network Bandwidth Ingress
2026-10-05 17:01:09,4,1080p,nano,30.0,120.0,9.2,12.9,0.91,73.2,97.4,23.18,OVERLOAD,GPU Compute Saturation + Network Bandwidth Ingress
2026-10-05 17:01:12,4,1080p,nano,30.0,120.0,9.2,12.0,0.9,72.8,96.9,25.87,OVERLOAD,GPU Compute Saturation + Network Bandwidth Ingress
2026-10-05 17:01:15,4,1080p,nano,30.0,120.0,9.8,13.1,0.9,77.1,94.8,24.05,OVERLOAD,GPU Compute Saturation + Network Bandwidth Ingress
2026-10-05 17:01:18,4,1080p,nano,30.0,120.0,9.7,13.8,0.9,70.7,96.0,24.68,OVERLOAD,GPU Compute Saturation + Network Bandwidth Ingress
2026-10-05 17:01:22,4,1080p,nano,30.0,120.0,9.8,13.8,0.9,74.6,96.8,25.85,OVERLOAD,GPU Compute Saturation + Network Bandwidth Ingress
2026-10-05 17:01:25,4,1080p,nano,30.2,121.0,9.6,13.1,0.9,74.5,94.8,23.27,OVERLOAD,GPU Compute Saturation + Network Bandwidth Ingress
2026-10-05 17:01:28,4,1080p,nano,30.0,120.0,8.3,13.0,0.89,72.7,94.8,24.54,OVERLOAD,GPU Compute Saturation + Network Bandwidth Ingress
2026-10-05 17:01:31,4,1080p,nano,30.0,120.0,6.4,8.2,0.89,57.6,96.7,24.45,OVERLOAD,GPU Compute Saturation + Network Bandwidth Ingress
2026-10-05 17:01:35,4,1080p,nano,30.0,120.0,7.6,10.5,0.89,69.6,96.8,25.1,OVERLOAD,GPU Compute Saturation + Network Bandwidth Ingress
2026-10-05 17:01:38,4,1080p,nano,30.0,120.0,9.6,12.7,0.89,78.1,96.7,24.5,OVERLOAD,GPU Compute Saturation + Network Bandwidth Ingress
2026-10-05 17:01:41,4,1080p,nano,30.0,120.0,9.2,11.9,0.89,79.1,97.4,23.86,OVERLOAD,GPU Compute Saturation + Network Bandwidth Ingress
2026-10-05 17:01:44,4,1080p,nano,30.0,120.0,9.8,14.4,0.88,71.6,98.3,25.35,OVERLOAD,GPU Compute Saturation + Network Bandwidth Ingress
2026-10-05 17:01:47,4,1080p,nano,30.0,120.0,8.8,11.1,0.88,68.3,97.9,24.48,OVERLOAD,GPU Compute Saturation + Network Bandwidth Ingress
2026-10-05 17:01:50,4,1080p,nano,30.0,120.0,8.4,10.9,0.88,66.3,97.0,24.33,OVERLOAD,GPU Compute Saturation + Network Bandwidth Ingress
2026-10-05 17:01:54,4,1080p,nano,30.0,120.0,9.0,11.8,0.88,65.9,98.2,25.74,OVERLOAD,GPU Compute Saturation + Network Bandwidth Ingress
2026-10-05 17:01:57,4,1080p,nano,30.0,120.0,9.0,11.7,0.88,65.2,96.6,23.55,OVERLOAD,GPU Compute Saturation + Network Bandwidth Ingress
2026-10-05 17:02:00,4,1080p,nano,30.0,120.0,9.4,12.5,0.87,65.1,98.4,26.68,OVERLOAD,GPU Compute Saturation + Network Bandwidth Ingress
2026-10-05 17:02:03,4,1080p,nano,30.0,120.0,9.2,11.9,0.87,66.3,95.8,22.54,OVERLOAD,GPU Compute Saturation + Network Bandwidth Ingress
2026-10-05 17:02:06,4,1080p,nano,30.0,120.0,9.6,12.6,0.87,75.9,96.3,26.71,OVERLOAD,GPU Compute Saturation + Network Bandwidth Ingress
2026-10-05 17:02:09,4,1080p,nano,30.0,120.0,9.1,11.7,0.87,67.8,97.8,22.73,OVERLOAD,GPU Compute Saturation + Network Bandwidth Ingress
2026-10-05 17:02:13,4,1080p,nano,30.0,120.0,9.4,12.7,0.87,75.8,95.6,26.05,OVERLOAD,GPU Compute Saturation + Network Bandwidth Ingress
2026-10-05 17:02:17,4,1080p,nano,29.2,117.0,19.6,60.9,0.87,86.6,98.0,24.39,OVERLOAD,GPU Compute Saturation + CPU Decode / Scheduling + Network Bandwidth Ingress
2026-10-05 17:02:20,4,1080p,nano,30.0,120.0,12.0,18.4,0.87,89.1,95.9,22.84,OVERLOAD,GPU Compute Saturation + CPU Decode / Scheduling + Network Bandwidth Ingress
2026-10-05 17:02:24,4,1080p,nano,30.0,120.0,10.2,13.8,0.86,83.7,95.1,24.61,OVERLOAD,GPU Compute Saturation + Network Bandwidth Ingress
2026-10-05 17:02:27,4,1080p,nano,30.0,120.0,10.0,14.8,0.86,79.0,95.8,26.08,OVERLOAD,GPU Compute Saturation + Network Bandwidth Ingress
2026-10-05 17:02:30,4,1080p,nano,30.0,120.0,8.5,11.4,0.86,68.9,96.9,23.33,OVERLOAD,GPU Compute Saturation + Network Bandwidth Ingress
2026-10-05 17:02:33,4,1080p,nano,30.0,120.0,10.4,17.4,0.86,77.5,97.0,26.44,OVERLOAD,GPU Compute Saturation + Network Bandwidth Ingress
2026-10-05 17:02:37,4,1080p,nano,30.0,120.0,8.9,11.5,0.86,70.1,96.0,23.25,OVERLOAD,GPU Compute Saturation + Network Bandwidth Ingress
2026-10-05 17:02:40,4,1080p,nano,30.0,120.0,9.6,13.5,0.85,69.5,98.0,26.69,OVERLOAD,GPU Compute Saturation + Network Bandwidth Ingress
2026-10-05 17:02:43,4,1080p,nano,29.8,119.0,20.6,68.8,0.85,76.7,95.5,22.94,OVERLOAD,GPU Compute Saturation + Network Bandwidth Ingress
2026-10-05 17:02:46,4,1080p,nano,30.0,120.0,9.4,13.1,0.85,69.6,97.6,26.92,OVERLOAD,GPU Compute Saturation + Network Bandwidth Ingress
2026-10-05 17:02:49,4,1080p,nano,30.0,120.0,9.3,16.4,0.85,65.6,95.9,22.62,OVERLOAD,GPU Compute Saturation + Network Bandwidth Ingress
2026-10-05 17:02:53,4,1080p,nano,30.0,120.0,6.7,9.8,0.85,54.0,96.1,26.77,OVERLOAD,GPU Compute Saturation + Network Bandwidth Ingress
2026-10-05 17:02:56,4,1080p,nano,30.0,120.0,6.1,8.1,0.84,53.3,97.5,22.95,OVERLOAD,GPU Compute Saturation + Network Bandwidth Ingress
2026-10-05 17:02:59,4,1080p,nano,30.0,120.0,7.8,11.2,0.84,63.2,96.1,26.27,OVERLOAD,GPU Compute Saturation + Network Bandwidth Ingress
2026-10-05 17:03:02,4,1080p,nano,30.0,120.0,8.4,11.8,0.84,63.9,96.4,24.06,OVERLOAD,GPU Compute Saturation + Network Bandwidth Ingress
2026-10-05 17:03:05,4,1080p,nano,30.0,120.0,9.2,13.1,0.84,62.3,95.5,24.49,OVERLOAD,GPU Compute Saturation + Network Bandwidth Ingress
2026-10-05 17:03:08,4,1080p,nano,30.0,120.0,9.0,11.7,0.84,65.6,94.4,25.58,OVERLOAD,GPU Compute Saturation + Network Bandwidth Ingress
2026-10-05 17:03:11,4,1080p,nano,30.0,120.0,9.4,11.9,0.84,77.4,94.9,25.6,OVERLOAD,GPU Compute Saturation + Network Bandwidth Ingress
2026-10-05 17:03:15,4,1080p,nano,30.0,120.0,9.3,11.6,0.83,68.3,96.5,24.22,OVERLOAD,GPU Compute Saturation + Network Bandwidth Ingress
2026-10-05 17:03:18,4,1080p,nano,30.0,120.0,10.6,24.5,0.83,67.8,96.9,25.74,OVERLOAD,GPU Compute Saturation + Network Bandwidth Ingress
2026-10-05 17:03:21,4,1080p,nano,30.0,120.0,7.6,11.9,0.83,62.7,96.4,24.39,OVERLOAD,GPU Compute Saturation + Network Bandwidth Ingress
2026-10-05 17:03:24,4,1080p,nano,30.0,120.0,7.1,9.5,0.83,62.0,95.3,24.63,OVERLOAD,GPU Compute Saturation + Network Bandwidth Ingress
2026-10-05 17:03:27,4,1080p,nano,30.0,120.0,8.1,11.8,0.83,68.0,96.2,24.5,OVERLOAD,GPU Compute Saturation + Network Bandwidth Ingress
2026-10-05 17:03:31,4,1080p,nano,30.0,120.0,8.0,11.4,0.83,68.8,96.8,26.1,OVERLOAD,GPU Compute Saturation + Network Bandwidth Ingress
2026-10-05 17:03:34,4,1080p,nano,30.0,120.0,6.6,8.5,0.82,59.6,95.6,23.62,OVERLOAD,GPU Compute Saturation + Network Bandwidth Ingress
2026-10-05 17:03:37,4,1080p,nano,30.0,120.0,9.3,17.6,0.82,67.8,97.5,25.37,OVERLOAD,GPU Compute Saturation + Network Bandwidth Ingress
2026-10-05 17:03:40,4,1080p,nano,30.0,120.0,7.0,8.8,0.82,54.8,97.2,25.7,OVERLOAD,GPU Compute Saturation + Network Bandwidth Ingress
2026-10-05 17:03:43,4,1080p,nano,30.0,120.0,7.9,12.6,0.82,69.2,96.8,24.35,OVERLOAD,GPU Compute Saturation + Network Bandwidth Ingress
2026-10-05 17:03:46,4,1080p,nano,30.0,120.0,7.3,9.5,0.82,69.9,97.3,24.54,OVERLOAD,GPU Compute Saturation + Network Bandwidth Ingress
2026-10-05 17:03:49,4,1080p,nano,30.0,120.0,6.3,7.6,0.82,58.3,96.6,24.16,OVERLOAD,GPU Compute Saturation + Network Bandwidth Ingress
2026-10-05 17:03:52,4,1080p,nano,30.0,120.0,7.7,11.6,0.81,59.8,94.7,26.17,OVERLOAD,GPU Compute Saturation + Network Bandwidth Ingress
2026-10-05 17:03:56,4,1080p,nano,30.0,120.0,6.4,8.4,0.81,55.2,98.4,22.8,OVERLOAD,GPU Compute Saturation + Network Bandwidth Ingress
2026-10-05 17:03:59,4,1080p,nano,30.0,120.0,6.7,8.6,0.81,60.2,94.8,26.77,OVERLOAD,GPU Compute Saturation + Network Bandwidth Ingress
2026-10-05 17:04:02,4,1080p,nano,30.0,120.0,6.9,9.5,0.81,61.3,95.6,22.64,OVERLOAD,GPU Compute Saturation + Network Bandwidth Ingress
2026-10-05 17:04:05,4,1080p,nano,30.0,120.0,6.6,8.3,0.81,59.0,95.8,26.94,OVERLOAD,GPU Compute Saturation + Network Bandwidth Ingress
2026-10-05 17:04:08,4,1080p,nano,30.0,120.0,6.8,8.9,0.81,57.0,95.4,23.18,OVERLOAD,GPU Compute Saturation + Network Bandwidth Ingress
2026-10-05 17:04:11,4,1080p,nano,30.0,120.0,6.0,7.6,0.8,54.8,95.7,25.3,OVERLOAD,GPU Compute Saturation + Network Bandwidth Ingress
2026-10-05 17:04:14,4,1080p,nano,30.0,120.0,6.5,9.4,0.8,57.9,94.5,24.99,OVERLOAD,GPU Compute Saturation + Network Bandwidth Ingress
2026-10-05 17:04:18,4,1080p,nano,30.0,120.0,6.1,7.7,0.8,58.5,96.7,23.79,OVERLOAD,GPU Compute Saturation + Network Bandwidth Ingress
2026-10-05 17:04:21,4,1080p,nano,30.0,120.0,8.9,16.1,0.8,79.7,98.3,22.71,OVERLOAD,GPU Compute Saturation + Network Bandwidth Ingress
2026-10-05 17:04:24,4,1080p,nano,30.0,120.0,6.9,10.5,0.8,63.0,96.7,26.6,OVERLOAD,GPU Compute Saturation + Network Bandwidth Ingress
2026-10-05 17:04:27,4,1080p,nano,30.0,120.0,8.8,12.5,0.8,66.7,97.8,23.12,OVERLOAD,GPU Compute Saturation + Network Bandwidth Ingress
2026-10-05 17:04:30,4,1080p,nano,30.0,120.0,6.3,8.0,0.79,62.6,94.6,26.4,OVERLOAD,GPU Compute Saturation + Network Bandwidth Ingress
2026-10-05 17:04:33,4,1080p,nano,30.0,120.0,6.6,8.5,0.79,58.4,98.1,23.93,OVERLOAD,GPU Compute Saturation + Network Bandwidth Ingress
2026-10-05 17:04:36,4,1080p,nano,30.0,120.0,7.0,10.1,0.79,65.0,96.3,25.48,OVERLOAD,GPU Compute Saturation + Network Bandwidth Ingress
2026-10-05 17:04:39,4,1080p,nano,30.0,120.0,7.5,12.2,0.79,63.3,96.6,23.71,OVERLOAD,GPU Compute Saturation + Network Bandwidth Ingress
2026-10-05 17:04:43,4,1080p,nano,30.0,120.0,8.3,11.4,0.79,62.9,96.9,24.89,OVERLOAD,GPU Compute Saturation + Network Bandwidth Ingress
2026-10-05 17:04:46,4,1080p,nano,30.0,120.0,9.5,15.1,0.79,74.7,97.1,22.88,OVERLOAD,GPU Compute Saturation + Network Bandwidth Ingress
2026-10-05 17:04:50,4,1080p,nano,30.0,120.0,7.3,9.8,0.78,53.7,96.9,26.28,OVERLOAD,GPU Compute Saturation + Network Bandwidth Ingress
2026-10-05 17:04:53,4,1080p,nano,30.2,121.0,10.2,16.7,0.78,77.8,97.0,22.76,OVERLOAD,GPU Compute Saturation + Network Bandwidth Ingress
2026-10-05 17:04:56,4,1080p,nano,30.0,120.0,6.8,9.2,0.78,63.0,94.6,26.96,OVERLOAD,GPU Compute Saturation + Network Bandwidth Ingress
2026-10-05 17:04:59,4,1080p,nano,30.0,120.0,8.4,11.8,0.78,72.5,95.8,22.99,OVERLOAD,GPU Compute Saturation + Network Bandwidth Ingress
2026-10-05 17:05:03,4,1080p,nano,30.0,120.0,11.3,24.2,0.78,80.8,95.9,26.89,OVERLOAD,GPU Compute Saturation + Network Bandwidth Ingress
2026-10-05 17:05:06,4,1080p,nano,30.0,120.0,9.7,15.5,0.78,77.5,98.3,23.45,OVERLOAD,GPU Compute Saturation + Network Bandwidth Ingress
2026-10-05 17:05:09,4,1080p,nano,30.0,120.0,6.3,9.2,0.77,61.4,95.2,26.06,OVERLOAD,GPU Compute Saturation + Network Bandwidth Ingress
2026-10-05 17:05:12,4,1080p,nano,30.0,120.0,6.8,9.7,0.77,62.8,98.1,23.26,OVERLOAD,GPU Compute Saturation + Network Bandwidth Ingress
2026-10-05 17:05:16,4,1080p,nano,30.0,120.0,7.7,10.7,0.77,69.4,95.3,25.8,OVERLOAD,GPU Compute Saturation + Network Bandwidth Ingress
2026-10-05 17:05:19,4,1080p,nano,30.0,120.0,8.3,12.0,0.77,75.8,94.7,24.83,OVERLOAD,GPU Compute Saturation + Network Bandwidth Ingress
2026-10-05 17:05:22,4,1080p,nano,30.0,120.0,7.5,9.8,0.77,69.5,97.8,24.52,OVERLOAD,GPU Compute Saturation + Network Bandwidth Ingress
2026-10-05 17:05:25,4,1080p,nano,30.0,120.0,7.3,9.1,0.77,72.1,95.6,25.89,OVERLOAD,GPU Compute Saturation + Network Bandwidth Ingress
2026-10-05 17:05:28,4,1080p,nano,30.0,120.0,6.5,10.6,0.77,66.8,97.4,23.11,OVERLOAD,GPU Compute Saturation + Network Bandwidth Ingress
2026-10-05 17:05:32,4,1080p,nano,30.0,120.0,6.6,8.5,0.76,58.7,97.0,26.06,OVERLOAD,GPU Compute Saturation + Network Bandwidth Ingress
2026-10-05 17:05:35,4,1080p,nano,30.0,120.0,6.2,7.8,0.76,57.3,97.4,24.47,OVERLOAD,GPU Compute Saturation + Network Bandwidth Ingress
2026-10-05 17:05:38,4,1080p,nano,30.0,120.0,7.1,10.3,0.76,64.5,97.6,24.1,OVERLOAD,GPU Compute Saturation + Network Bandwidth Ingress
2026-10-05 17:05:41,4,1080p,nano,30.0,120.0,6.3,8.1,0.76,57.1,95.7,26.38,OVERLOAD,GPU Compute Saturation + Network Bandwidth Ingress
2026-10-05 17:05:44,4,1080p,nano,30.0,120.0,6.4,8.1,0.76,62.0,98.2,22.71,OVERLOAD,GPU Compute Saturation + Network Bandwidth Ingress
2026-10-05 17:05:47,4,1080p,nano,30.0,120.0,6.6,8.4,0.76,60.7,96.5,26.92,OVERLOAD,GPU Compute Saturation + Network Bandwidth Ingress
2026-10-05 17:05:50,4,1080p,nano,30.0,120.0,6.9,9.4,0.76,60.3,97.9,22.89,OVERLOAD,GPU Compute Saturation + Network Bandwidth Ingress
2026-10-05 17:05:53,4,1080p,nano,30.0,120.0,6.5,8.0,0.75,61.9,98.2,26.24,OVERLOAD,GPU Compute Saturation + Network Bandwidth Ingress
2026-10-05 17:05:56,4,1080p,nano,30.0,120.0,6.3,8.4,0.75,61.8,95.0,23.55,OVERLOAD,GPU Compute Saturation + Network Bandwidth Ingress
2026-10-05 17:05:59,4,1080p,nano,30.0,120.0,8.6,16.6,0.75,65.1,97.9,25.95,OVERLOAD,GPU Compute Saturation + Network Bandwidth Ingress
2026-10-05 17:06:02,4,1080p,nano,30.0,120.0,6.7,9.0,0.75,63.2,96.5,24.17,OVERLOAD,GPU Compute Saturation + Network Bandwidth Ingress
2026-10-05 17:06:05,4,1080p,nano,30.0,120.0,6.0,7.4,0.75,58.4,97.6,25.29,OVERLOAD,GPU Compute Saturation + Network Bandwidth Ingress
2026-10-05 17:06:08,4,1080p,nano,30.0,120.0,6.4,8.1,0.75,58.6,98.2,25.04,OVERLOAD,GPU Compute Saturation + Network Bandwidth Ingress
2026-10-05 17:06:11,4,1080p,nano,30.0,120.0,6.3,8.2,0.75,55.2,96.1,23.67,OVERLOAD,GPU Compute Saturation + Network Bandwidth Ingress
2026-10-05 17:06:14,4,1080p,nano,30.0,120.0,6.9,9.5,0.74,60.5,96.5,26.53,OVERLOAD,GPU Compute Saturation + Network Bandwidth Ingress
2026-10-05 17:06:17,4,1080p,nano,30.0,120.0,6.3,8.2,0.74,54.0,95.5,22.72,OVERLOAD,GPU Compute Saturation + Network Bandwidth Ingress
2026-10-05 17:06:20,4,1080p,nano,30.0,120.0,6.5,8.4,0.74,58.9,96.9,26.7,OVERLOAD,GPU Compute Saturation + Network Bandwidth Ingress
2026-10-05 17:06:24,4,1080p,nano,30.0,120.0,6.0,7.6,0.74,55.0,97.5,23.5,OVERLOAD,GPU Compute Saturation + Network Bandwidth Ingress
2026-10-05 17:06:27,4,1080p,nano,30.0,120.0,6.1,7.8,0.74,57.4,95.6,25.81,OVERLOAD,GPU Compute Saturation + Network Bandwidth Ingress
2026-10-05 17:06:30,4,1080p,nano,30.0,120.0,6.8,8.7,0.74,60.9,97.2,24.07,OVERLOAD,GPU Compute Saturation + Network Bandwidth Ingress
2026-10-05 17:06:33,4,1080p,nano,30.0,120.0,6.5,8.1,0.74,55.8,95.3,24.43,OVERLOAD,GPU Compute Saturation + Network Bandwidth Ingress
2026-10-05 17:06:36,4,1080p,nano,30.0,120.0,7.2,10.7,0.74,55.6,96.8,25.99,OVERLOAD,GPU Compute Saturation + Network Bandwidth Ingress
2026-10-05 17:06:39,4,1080p,nano,30.0,120.0,6.7,8.8,0.73,51.0,97.5,22.77,OVERLOAD,GPU Compute Saturation + Network Bandwidth Ingress
2026-10-05 17:06:42,4,1080p,nano,30.0,120.0,6.4,8.4,0.73,57.0,95.3,26.9,OVERLOAD,GPU Compute Saturation + Network Bandwidth Ingress
2026-10-05 17:06:45,4,1080p,nano,30.0,120.0,6.5,7.9,0.73,58.6,94.8,22.95,OVERLOAD,GPU Compute Saturation + Network Bandwidth Ingress
2026-10-05 17:06:48,4,1080p,nano,30.0,120.0,6.5,8.2,0.73,51.7,96.3,26.07,OVERLOAD,GPU Compute Saturation + Network Bandwidth Ingress
2026-10-05 17:06:51,4,1080p,nano,30.0,120.0,7.2,9.8,0.73,66.7,96.5,23.83,OVERLOAD,GPU Compute Saturation + Network Bandwidth Ingress
2026-10-05 17:06:54,4,1080p,nano,30.0,120.0,6.1,7.9,0.73,55.9,95.3,25.09,OVERLOAD,GPU Compute Saturation + Network Bandwidth Ingress
2026-10-05 17:06:57,4,1080p,nano,30.0,120.0,6.6,8.5,0.73,62.0,97.1,25.13,OVERLOAD,GPU Compute Saturation + Network Bandwidth Ingress
2026-10-05 17:07:00,4,1080p,nano,30.0,120.0,6.4,7.8,0.72,55.6,97.0,23.52,OVERLOAD,GPU Compute Saturation + Network Bandwidth Ingress
2026-10-05 17:07:03,4,1080p,nano,30.0,120.0,6.7,9.1,0.72,54.3,94.8,26.54,OVERLOAD,GPU Compute Saturation + Network Bandwidth Ingress
2026-10-05 17:07:06,4,1080p,nano,30.0,120.0,7.6,9.8,0.72,60.9,96.0,22.72,OVERLOAD,GPU Compute Saturation + Network Bandwidth Ingress
2026-10-05 17:07:09,4,1080p,nano,30.0,120.0,6.6,8.6,0.72,52.0,96.8,26.75,OVERLOAD,GPU Compute Saturation + Network Bandwidth Ingress
2026-10-05 17:07:12,4,1080p,nano,30.0,120.0,6.1,9.5,0.72,57.0,96.9,23.52,OVERLOAD,GPU Compute Saturation + Network Bandwidth Ingress
2026-10-05 17:07:15,4,1080p,nano,30.0,120.0,5.9,7.2,0.72,47.8,97.3,24.05,OVERLOAD,GPU Compute Saturation + Network Bandwidth Ingress
2026-10-05 17:07:18,4,1080p,nano,30.0,120.0,6.9,9.9,0.72,60.4,95.5,26.73,OVERLOAD,GPU Compute Saturation + Network Bandwidth Ingress
2026-10-05 17:07:21,4,1080p,nano,30.0,120.0,6.0,7.7,0.72,55.3,97.8,22.71,OVERLOAD,GPU Compute Saturation + Network Bandwidth Ingress
2026-10-05 17:07:24,4,1080p,nano,30.0,120.0,6.1,7.4,0.71,53.6,96.6,26.68,OVERLOAD,GPU Compute Saturation + Network Bandwidth Ingress
2026-10-05 17:07:27,4,1080p,nano,30.0,120.0,6.8,8.6,0.71,55.0,97.6,24.28,OVERLOAD,GPU Compute Saturation + Network Bandwidth Ingress
2026-10-05 17:07:30,4,1080p,nano,30.0,120.0,6.4,8.6,0.71,51.8,96.7,23.65,OVERLOAD,GPU Compute Saturation + Network Bandwidth Ingress
2026-10-05 17:07:33,4,1080p,nano,30.0,120.0,7.4,10.9,0.71,66.1,97.7,26.28,OVERLOAD,GPU Compute Saturation + Network Bandwidth Ingress
2026-10-05 17:07:36,4,1080p,nano,30.0,120.0,6.3,8.2,0.71,53.8,96.7,22.7,OVERLOAD,GPU Compute Saturation + Network Bandwidth Ingress
2026-10-05 17:07:39,4,1080p,nano,30.0,120.0,6.4,8.2,0.71,68.0,98.3,26.71,OVERLOAD,GPU Compute Saturation + Network Bandwidth Ingress
2026-10-05 17:07:42,4,1080p,nano,30.0,120.0,6.2,7.9,0.71,58.4,95.3,22.72,OVERLOAD,GPU Compute Saturation + Network Bandwidth Ingress
2026-10-05 17:07:46,4,1080p,nano,30.0,120.0,6.7,8.7,0.71,60.5,96.6,26.91,OVERLOAD,GPU Compute Saturation + Network Bandwidth Ingress
2026-10-05 17:07:49,4,1080p,nano,30.0,120.0,7.2,9.2,0.7,67.2,96.9,22.81,OVERLOAD,GPU Compute Saturation + Network Bandwidth Ingress
2026-10-05 17:07:52,4,1080p,nano,30.0,120.0,6.9,8.7,0.7,61.7,97.4,26.5,OVERLOAD,GPU Compute Saturation + Network Bandwidth Ingress
2026-10-05 17:07:54,4,1080p,nano,30.0,120.0,7.3,9.9,0.7,62.6,97.6,24.33,OVERLOAD,GPU Compute Saturation + Network Bandwidth Ingress
2026-10-05 17:07:58,4,1080p,nano,30.0,120.0,7.0,9.1,0.7,58.9,94.5,23.98,OVERLOAD,GPU Compute Saturation + Network Bandwidth Ingress
2026-10-05 17:08:01,4,1080p,nano,30.0,120.0,6.7,8.1,0.7,70.3,96.6,25.27,OVERLOAD,GPU Compute Saturation + Network Bandwidth Ingress
2026-10-05 17:08:04,4,1080p,nano,30.0,120.0,7.1,8.7,0.7,71.3,97.6,24.22,OVERLOAD,GPU Compute Saturation + Network Bandwidth Ingress
2026-10-05 17:08:07,4,1080p,nano,30.0,120.0,6.7,8.5,0.7,70.3,96.5,24.75,OVERLOAD,GPU Compute Saturation + Network Bandwidth Ingress
2026-10-05 17:08:10,4,1080p,nano,30.0,120.0,7.4,10.1,0.7,70.7,94.5,24.6,OVERLOAD,GPU Compute Saturation + Network Bandwidth Ingress
2026-10-05 17:08:14,4,1080p,nano,30.0,120.0,8.0,10.9,0.69,67.4,97.6,25.59,OVERLOAD,GPU Compute Saturation + Network Bandwidth Ingress
2026-10-05 17:08:17,4,1080p,nano,30.0,120.0,8.1,10.7,0.69,64.6,98.1,24.09,OVERLOAD,GPU Compute Saturation + Network Bandwidth Ingress
2026-10-05 17:08:20,4,1080p,nano,30.0,120.0,8.7,12.0,0.69,71.4,94.9,25.99,OVERLOAD,GPU Compute Saturation + Network Bandwidth Ingress
2026-10-05 17:08:23,4,1080p,nano,30.0,120.0,6.8,8.6,0.69,62.4,95.2,23.04,OVERLOAD,GPU Compute Saturation + Network Bandwidth Ingress
2026-10-05 17:08:26,4,1080p,nano,30.0,120.0,7.4,9.4,0.69,69.8,96.3,26.68,OVERLOAD,GPU Compute Saturation + Network Bandwidth Ingress
2026-10-05 17:08:29,4,1080p,nano,30.0,120.0,7.1,9.4,0.69,72.5,98.0,23.48,OVERLOAD,GPU Compute Saturation + Network Bandwidth Ingress
2026-10-05 17:08:32,4,1080p,nano,30.0,120.0,6.1,7.6,0.69,66.8,94.7,26.15,OVERLOAD,GPU Compute Saturation + Network Bandwidth Ingress
2026-10-05 17:08:36,4,1080p,nano,30.0,120.0,7.3,9.3,0.69,73.2,96.8,23.14,OVERLOAD,GPU Compute Saturation + Network Bandwidth Ingress
2026-10-05 17:08:39,4,1080p,nano,30.0,120.0,6.8,8.7,0.69,70.8,97.7,26.34,OVERLOAD,GPU Compute Saturation + Network Bandwidth Ingress
2026-10-05 17:08:42,4,1080p,nano,30.0,120.0,6.9,9.7,0.68,65.2,97.4,23.22,OVERLOAD,GPU Compute Saturation + Network Bandwidth Ingress
2026-10-05 17:08:45,4,1080p,nano,30.0,120.0,7.3,10.7,0.68,69.8,97.4,26.42,OVERLOAD,GPU Compute Saturation + Network Bandwidth Ingress
2026-10-05 17:08:48,4,1080p,nano,30.0,120.0,6.6,8.6,0.68,68.9,98.0,23.02,OVERLOAD,GPU Compute Saturation + Network Bandwidth Ingress
2026-10-05 17:08:51,4,1080p,nano,30.0,120.0,7.1,9.0,0.68,69.6,95.0,26.68,OVERLOAD,GPU Compute Saturation + Network Bandwidth Ingress
2026-10-05 17:08:55,4,1080p,nano,30.0,120.0,6.9,9.0,0.68,69.5,97.2,22.75,OVERLOAD,GPU Compute Saturation + Network Bandwidth Ingress
2026-10-05 17:08:58,4,1080p,nano,30.0,120.0,6.7,9.6,0.68,66.5,95.9,26.87,OVERLOAD,GPU Compute Saturation + Network Bandwidth Ingress
2026-10-05 17:09:01,4,1080p,nano,30.0,120.0,6.2,7.8,0.68,59.9,96.0,22.92,OVERLOAD,GPU Compute Saturation + Network Bandwidth Ingress
2026-10-05 17:09:04,4,1080p,nano,30.0,120.0,6.7,8.5,0.68,65.1,98.2,26.43,OVERLOAD,GPU Compute Saturation + Network Bandwidth Ingress
2026-10-05 17:09:07,4,1080p,nano,30.0,120.0,7.0,8.8,0.67,68.9,97.2,23.74,OVERLOAD,GPU Compute Saturation + Network Bandwidth Ingress
2026-10-05 17:09:10,4,1080p,nano,30.0,120.0,6.1,7.5,0.67,59.4,95.6,24.68,OVERLOAD,GPU Compute Saturation + Network Bandwidth Ingress
2026-10-05 17:09:13,4,1080p,nano,30.0,120.0,6.5,8.6,0.67,64.3,96.4,25.9,OVERLOAD,GPU Compute Saturation + Network Bandwidth Ingress
2026-10-05 17:09:16,4,1080p,nano,30.0,120.0,6.6,8.8,0.67,61.2,97.6,22.78,OVERLOAD,GPU Compute Saturation + Network Bandwidth Ingress
2026-10-05 17:09:19,4,1080p,nano,30.0,120.0,6.5,8.7,0.67,65.9,97.7,26.83,OVERLOAD,GPU Compute Saturation + Network Bandwidth Ingress
2026-10-05 17:09:22,4,1080p,nano,29.8,119.0,7.8,11.5,0.67,68.8,96.4,23.08,OVERLOAD,GPU Compute Saturation + Network Bandwidth Ingress
2026-10-05 17:09:25,4,1080p,nano,30.0,120.0,7.2,9.5,0.67,61.0,96.1,25.85,OVERLOAD,GPU Compute Saturation + Network Bandwidth Ingress
2026-10-05 17:09:28,4,1080p,nano,30.0,120.0,7.4,9.7,0.67,64.7,96.0,24.46,OVERLOAD,GPU Compute Saturation + Network Bandwidth Ingress
2026-10-05 17:09:31,4,1080p,nano,30.0,120.0,7.0,8.9,0.67,70.6,94.9,24.06,OVERLOAD,GPU Compute Saturation + Network Bandwidth Ingress
2026-10-05 17:09:34,4,1080p,nano,30.0,120.0,5.9,8.1,0.67,60.9,96.6,26.52,OVERLOAD,GPU Compute Saturation + Network Bandwidth Ingress
2026-10-05 17:09:37,4,1080p,nano,30.0,120.0,6.1,7.6,0.66,61.5,96.4,22.66,OVERLOAD,GPU Compute Saturation + Network Bandwidth Ingress
2026-10-05 17:09:40,4,1080p,nano,30.0,120.0,6.8,10.2,0.66,66.2,94.9,26.74,OVERLOAD,GPU Compute Saturation + Network Bandwidth Ingress
2026-10-05 17:09:43,4,1080p,nano,30.0,120.0,6.3,8.5,0.66,68.3,96.2,23.12,OVERLOAD,GPU Compute Saturation + Network Bandwidth Ingress
2026-10-05 17:09:46,4,1080p,nano,30.0,120.0,7.2,9.6,0.66,68.3,96.8,26.38,OVERLOAD,GPU Compute Saturation + Network Bandwidth Ingress
2026-10-05 17:09:49,4,1080p,nano,30.0,120.0,7.1,8.8,0.66,66.4,97.4,24.01,OVERLOAD,GPU Compute Saturation + Network Bandwidth Ingress
2026-10-05 17:09:52,4,1080p,nano,30.0,120.0,7.0,9.0,0.66,66.4,96.6,24.81,OVERLOAD,GPU Compute Saturation + Network Bandwidth Ingress
2026-10-05 17:09:55,4,1080p,nano,30.0,120.0,7.3,10.4,0.66,65.3,98.1,25.71,OVERLOAD,GPU Compute Saturation + Network Bandwidth Ingress
2026-10-05 17:09:58,4,1080p,nano,30.0,120.0,6.7,9.3,0.66,65.5,95.1,23.32,OVERLOAD,GPU Compute Saturation + Network Bandwidth Ingress
2026-10-05 17:10:02,4,1080p,nano,30.0,120.0,6.7,8.8,0.66,73.1,97.1,26.27,OVERLOAD,GPU Compute Saturation + Network Bandwidth Ingress
2026-10-05 17:10:05,4,1080p,nano,30.0,120.0,7.6,9.5,0.65,70.2,94.6,23.02,OVERLOAD,GPU Compute Saturation + Network Bandwidth Ingress
2026-10-05 17:10:08,4,1080p,nano,30.0,120.0,6.8,9.0,0.65,68.3,98.2,26.42,OVERLOAD,GPU Compute Saturation + Network Bandwidth Ingress
2026-10-05 17:10:11,4,1080p,nano,30.0,120.0,6.9,9.8,0.65,69.3,97.4,23.15,OVERLOAD,GPU Compute Saturation + Network Bandwidth Ingress
2026-10-05 17:10:14,4,1080p,nano,30.0,120.0,6.3,8.0,0.65,64.1,98.1,26.84,OVERLOAD,GPU Compute Saturation + Network Bandwidth Ingress
2026-10-05 17:10:17,4,1080p,nano,30.0,120.0,6.6,9.1,0.65,67.6,95.0,22.65,OVERLOAD,GPU Compute Saturation + Network Bandwidth Ingress
2026-10-05 17:10:20,4,1080p,nano,30.0,120.0,7.5,9.5,0.65,70.1,95.9,26.9,OVERLOAD,GPU Compute Saturation + Network Bandwidth Ingress
2026-10-05 17:10:23,4,1080p,nano,30.0,120.0,6.4,8.3,0.65,64.0,97.8,22.74,OVERLOAD,GPU Compute Saturation + Network Bandwidth Ingress
2026-10-05 17:10:26,4,1080p,nano,30.0,120.0,6.8,9.4,0.65,67.3,95.5,26.55,OVERLOAD,GPU Compute Saturation + Network Bandwidth Ingress
2026-10-05 17:10:30,4,1080p,nano,30.0,120.0,5.8,7.4,0.65,63.9,96.1,23.52,OVERLOAD,GPU Compute Saturation + Network Bandwidth Ingress
2026-10-05 17:10:33,4,1080p,nano,30.0,120.0,7.4,10.7,0.64,74.8,95.2,25.32,OVERLOAD,GPU Compute Saturation + Network Bandwidth Ingress
2026-10-05 17:10:36,4,1080p,nano,30.0,120.0,7.1,8.9,0.64,68.8,97.7,25.0,OVERLOAD,GPU Compute Saturation + Network Bandwidth Ingress
2026-10-05 17:10:39,4,1080p,nano,30.0,120.0,7.1,10.0,0.64,70.4,95.9,25.21,OVERLOAD,GPU Compute Saturation + Network Bandwidth Ingress
2026-10-05 17:10:42,4,1080p,nano,30.0,120.0,7.0,10.5,0.64,66.0,98.3,24.91,OVERLOAD,GPU Compute Saturation + Network Bandwidth Ingress
2026-10-05 17:10:45,4,1080p,nano,30.0,120.0,6.3,8.6,0.64,64.7,95.1,23.92,OVERLOAD,GPU Compute Saturation + Network Bandwidth Ingress
2026-10-05 17:10:48,4,1080p,nano,30.0,120.0,7.1,11.3,0.64,66.8,97.4,25.91,OVERLOAD,GPU Compute Saturation + Network Bandwidth Ingress
2026-10-05 17:10:51,4,1080p,nano,30.0,120.0,7.1,9.1,0.64,65.4,94.5,23.35,OVERLOAD,GPU Compute Saturation + Network Bandwidth Ingress
2026-10-05 17:10:55,4,1080p,nano,30.0,120.0,6.7,8.8,0.64,67.6,96.6,26.24,OVERLOAD,GPU Compute Saturation + Network Bandwidth Ingress
2026-10-05 17:10:58,4,1080p,nano,30.0,120.0,6.4,8.2,0.64,68.9,95.7,22.88,OVERLOAD,GPU Compute Saturation + Network Bandwidth Ingress
2026-10-05 17:11:01,4,1080p,nano,30.0,120.0,6.1,7.9,0.64,61.9,98.1,26.9,OVERLOAD,GPU Compute Saturation + Network Bandwidth Ingress
2026-10-05 17:11:03,4,1080p,nano,30.0,120.0,6.5,8.9,0.63,65.5,96.6,23.06,OVERLOAD,GPU Compute Saturation + Network Bandwidth Ingress
2026-10-05 17:11:07,4,1080p,nano,30.0,120.0,6.6,8.4,0.63,63.2,94.8,25.42,OVERLOAD,GPU Compute Saturation + Network Bandwidth Ingress
2026-10-05 17:11:10,4,1080p,nano,30.0,120.0,6.5,8.6,0.63,66.7,96.3,24.49,OVERLOAD,GPU Compute Saturation + Network Bandwidth Ingress
2026-10-05 17:11:13,4,1080p,nano,30.0,120.0,7.0,8.9,0.63,69.7,97.9,24.41,OVERLOAD,GPU Compute Saturation + Network Bandwidth Ingress
2026-10-05 17:11:16,4,1080p,nano,30.0,120.0,6.3,7.9,0.63,61.6,95.0,25.88,OVERLOAD,GPU Compute Saturation + Network Bandwidth Ingress
2026-10-05 17:11:19,4,1080p,nano,30.0,120.0,7.0,9.7,0.63,64.2,96.8,23.38,OVERLOAD,GPU Compute Saturation + Network Bandwidth Ingress
2026-10-05 17:11:22,4,1080p,nano,30.0,120.0,6.3,7.9,0.63,59.1,95.5,26.93,OVERLOAD,GPU Compute Saturation + Network Bandwidth Ingress
2026-10-05 17:11:25,4,1080p,nano,30.0,120.0,7.0,10.8,0.63,65.7,95.4,22.7,OVERLOAD,GPU Compute Saturation + Network Bandwidth Ingress
2026-10-05 17:11:28,4,1080p,nano,30.2,121.0,6.9,9.8,0.63,69.7,96.4,26.79,OVERLOAD,GPU Compute Saturation + Network Bandwidth Ingress
2026-10-05 17:11:31,4,1080p,nano,30.0,120.0,6.0,7.7,0.63,67.5,96.5,23.0,OVERLOAD,GPU Compute Saturation + Network Bandwidth Ingress
2026-10-05 17:11:34,4,1080p,nano,30.0,120.0,7.0,8.6,0.62,64.1,98.3,25.98,OVERLOAD,GPU Compute Saturation + Network Bandwidth Ingress
2026-10-05 17:11:38,4,1080p,nano,30.0,120.0,7.0,9.4,0.62,73.4,95.1,23.62,OVERLOAD,GPU Compute Saturation + Network Bandwidth Ingress
2026-10-05 17:11:41,4,1080p,nano,30.0,120.0,8.6,14.1,0.62,76.2,95.4,26.1,OVERLOAD,GPU Compute Saturation + Network Bandwidth Ingress
2026-10-05 17:11:44,4,1080p,nano,30.0,120.0,6.6,8.1,0.62,64.8,96.8,23.58,OVERLOAD,GPU Compute Saturation + Network Bandwidth Ingress
2026-10-05 17:11:47,4,1080p,nano,30.0,120.0,6.6,8.6,0.62,70.4,95.2,25.79,OVERLOAD,GPU Compute Saturation + Network Bandwidth Ingress
2026-10-05 17:11:50,4,1080p,nano,30.0,120.0,7.6,10.2,0.62,74.2,97.6,23.81,OVERLOAD,GPU Compute Saturation + Network Bandwidth Ingress
2026-10-05 17:11:53,4,1080p,nano,30.0,120.0,7.4,11.0,0.62,80.6,96.4,26.01,OVERLOAD,GPU Compute Saturation + Network Bandwidth Ingress
2026-10-05 17:11:56,4,1080p,nano,30.0,120.0,7.6,11.3,0.62,73.0,95.2,24.05,OVERLOAD,GPU Compute Saturation + Network Bandwidth Ingress
2026-10-05 17:12:00,4,1080p,nano,30.0,120.0,7.0,9.4,0.62,65.4,95.8,24.66,OVERLOAD,GPU Compute Saturation + Network Bandwidth Ingress
2026-10-05 17:12:03,4,1080p,nano,30.0,120.0,7.1,9.6,0.62,73.2,98.3,25.09,OVERLOAD,GPU Compute Saturation + Network Bandwidth Ingress
2026-10-05 17:12:06,4,1080p,nano,30.0,120.0,7.2,9.9,0.62,72.4,96.1,24.77,OVERLOAD,GPU Compute Saturation + Network Bandwidth Ingress
2026-10-05 17:12:09,4,1080p,nano,30.0,120.0,7.8,9.5,0.61,79.2,94.8,24.77,OVERLOAD,GPU Compute Saturation + Network Bandwidth Ingress
2026-10-05 17:12:13,4,1080p,nano,30.0,120.0,8.3,11.8,0.61,76.7,98.3,25.4,OVERLOAD,GPU Compute Saturation + Network Bandwidth Ingress
2026-10-05 17:12:16,4,1080p,nano,30.0,120.0,8.5,11.2,0.61,84.5,96.0,23.39,OVERLOAD,GPU Compute Saturation + Network Bandwidth Ingress
2026-10-05 17:12:19,4,1080p,nano,30.0,120.0,10.7,14.6,0.61,89.7,97.4,26.9,OVERLOAD,GPU Compute Saturation + CPU Decode / Scheduling + Network Bandwidth Ingress
2026-10-05 17:12:23,4,1080p,nano,30.0,120.0,9.3,12.5,0.61,79.4,96.3,22.66,OVERLOAD,GPU Compute Saturation + Network Bandwidth Ingress
2026-10-05 17:12:26,4,1080p,nano,30.0,120.0,8.7,12.5,0.61,86.5,96.4,26.34,OVERLOAD,GPU Compute Saturation + CPU Decode / Scheduling + Network Bandwidth Ingress
2026-10-05 17:12:30,4,1080p,nano,30.0,120.0,7.7,10.1,0.61,89.1,98.1,25.69,OVERLOAD,GPU Compute Saturation + CPU Decode / Scheduling + Network Bandwidth Ingress
2026-10-05 17:12:33,4,1080p,nano,30.0,120.0,7.6,10.1,0.61,80.1,95.5,23.06,OVERLOAD,GPU Compute Saturation + Network Bandwidth Ingress
2026-10-05 17:12:36,4,1080p,nano,30.0,120.0,10.4,14.6,0.61,87.0,94.7,26.86,OVERLOAD,GPU Compute Saturation + CPU Decode / Scheduling + Network Bandwidth Ingress
2026-10-05 17:12:40,4,1080p,nano,30.0,120.0,7.8,11.4,0.6,77.7,97.4,23.02,OVERLOAD,GPU Compute Saturation + Network Bandwidth Ingress
2026-10-05 17:12:43,4,1080p,nano,30.0,120.0,7.7,9.6,0.6,75.4,95.0,26.14,OVERLOAD,GPU Compute Saturation + Network Bandwidth Ingress
2026-10-05 17:12:46,4,1080p,nano,30.0,120.0,9.3,14.0,0.6,74.2,96.6,23.96,OVERLOAD,GPU Compute Saturation + Network Bandwidth Ingress
2026-10-05 17:12:50,4,1080p,nano,30.0,120.0,8.7,12.7,0.6,76.3,97.1,24.58,OVERLOAD,GPU Compute Saturation + Network Bandwidth Ingress
2026-10-05 17:12:53,4,1080p,nano,30.0,120.0,7.7,9.7,0.6,74.7,95.6,25.65,OVERLOAD,GPU Compute Saturation + Network Bandwidth Ingress
2026-10-05 17:12:56,4,1080p,nano,30.0,120.0,9.8,14.3,0.6,81.5,94.5,22.91,OVERLOAD,GPU Compute Saturation + Network Bandwidth Ingress
2026-10-05 17:13:00,4,1080p,nano,30.2,121.0,11.7,19.4,0.6,85.2,98.1,26.89,OVERLOAD,GPU Compute Saturation + CPU Decode / Scheduling + Network Bandwidth Ingress
2026-10-05 17:13:04,4,1080p,nano,29.8,119.0,18.6,31.0,0.6,91.8,96.3,24.17,OVERLOAD,GPU Compute Saturation + CPU Decode / Scheduling + Network Bandwidth Ingress
2026-10-05 17:13:05,4,1080p,nano,30.0,120.0,13.5,19.4,0.6,84.9,94.7,23.24,OVERLOAD,GPU Compute Saturation + Network Bandwidth Ingress
2026-10-05 17:13:09,4,1080p,nano,29.2,117.0,18.6,30.7,0.6,97.3,94.6,26.1,OVERLOAD,GPU Compute Saturation + CPU Decode / Scheduling + Network Bandwidth Ingress
2026-10-05 17:13:12,4,1080p,nano,30.5,122.0,9.8,15.9,0.6,84.3,97.3,24.27,OVERLOAD,GPU Compute Saturation + Network Bandwidth Ingress
2026-10-05 17:13:13,4,1080p,nano,30.0,120.0,10.6,18.6,0.6,77.6,94.8,24.15,OVERLOAD,GPU Compute Saturation + Network Bandwidth Ingress
2026-10-05 17:13:16,4,1080p,nano,30.0,120.0,9.9,13.9,0.6,82.0,97.0,25.16,OVERLOAD,GPU Compute Saturation + Network Bandwidth Ingress
2026-10-05 17:13:20,4,1080p,nano,30.0,120.0,10.5,16.0,0.59,80.3,96.9,23.38,OVERLOAD,GPU Compute Saturation + Network Bandwidth Ingress
2026-10-05 17:13:23,4,1080p,nano,30.0,120.0,9.2,12.7,0.59,82.9,96.8,26.87,OVERLOAD,GPU Compute Saturation + Network Bandwidth Ingress
2026-10-05 17:13:27,4,1080p,nano,29.8,119.0,14.1,26.5,0.59,92.1,98.3,23.38,OVERLOAD,GPU Compute Saturation + CPU Decode / Scheduling + Network Bandwidth Ingress
2026-10-05 17:13:31,4,1080p,nano,29.8,119.0,8.6,13.6,0.59,79.6,96.7,25.44,OVERLOAD,GPU Compute Saturation + Network Bandwidth Ingress
2026-10-05 17:13:34,4,1080p,nano,30.0,120.0,12.8,24.8,0.59,91.3,97.5,26.75,OVERLOAD,GPU Compute Saturation + CPU Decode / Scheduling + Network Bandwidth Ingress
2026-10-05 17:13:38,4,1080p,nano,30.0,120.0,13.3,34.0,0.59,90.8,96.8,25.33,OVERLOAD,GPU Compute Saturation + CPU Decode / Scheduling + Network Bandwidth Ingress
2026-10-05 17:13:41,4,1080p,nano,30.0,120.0,9.9,14.2,0.59,79.6,98.3,23.44,OVERLOAD,GPU Compute Saturation + Network Bandwidth Ingress
2026-10-05 17:13:45,4,1080p,nano,30.0,120.0,13.5,18.0,0.59,83.4,97.2,26.68,OVERLOAD,GPU Compute Saturation + Network Bandwidth Ingress
2026-10-05 17:13:48,4,1080p,nano,30.0,120.0,10.2,19.0,0.59,83.1,95.6,25.31,OVERLOAD,GPU Compute Saturation + Network Bandwidth Ingress
2026-10-05 17:13:49,4,1080p,nano,30.0,120.0,8.0,10.1,0.59,76.2,94.5,23.59,OVERLOAD,GPU Compute Saturation + Network Bandwidth Ingress
2026-10-05 17:13:52,4,1080p,nano,30.0,120.0,11.1,23.1,0.59,91.5,96.9,25.71,OVERLOAD,GPU Compute Saturation + CPU Decode / Scheduling + Network Bandwidth Ingress
2026-10-05 17:13:56,4,1080p,nano,30.0,120.0,12.2,17.2,0.58,85.4,95.2,24.02,OVERLOAD,GPU Compute Saturation + CPU Decode / Scheduling + Network Bandwidth Ingress
2026-10-05 17:13:59,4,1080p,nano,30.0,120.0,11.0,15.2,0.58,87.1,97.8,26.04,OVERLOAD,GPU Compute Saturation + CPU Decode / Scheduling + Network Bandwidth Ingress
2026-10-05 17:14:00,4,1080p,nano,30.0,120.0,10.3,13.9,0.58,78.8,98.2,23.41,OVERLOAD,GPU Compute Saturation + Network Bandwidth Ingress
2026-10-05 17:14:03,4,1080p,nano,30.0,120.0,10.1,13.1,0.58,79.2,94.6,25.94,OVERLOAD,GPU Compute Saturation + Network Bandwidth Ingress
2026-10-05 17:14:06,4,1080p,nano,30.0,120.0,10.3,13.2,0.58,77.8,96.4,24.43,OVERLOAD,GPU Compute Saturation + Network Bandwidth Ingress
2026-10-05 17:14:10,4,1080p,nano,29.0,116.0,34.3,108.8,0.58,87.2,95.4,24.88,OVERLOAD,GPU Compute Saturation + CPU Decode / Scheduling + Network Bandwidth Ingress
2026-10-05 17:14:11,4,1080p,nano,30.0,120.0,12.6,17.5,0.59,79.9,94.8,23.09,OVERLOAD,GPU Compute Saturation + Network Bandwidth Ingress
2026-10-05 17:14:14,4,1080p,nano,30.0,120.0,12.2,16.8,0.59,92.6,94.5,26.44,OVERLOAD,GPU Compute Saturation + CPU Decode / Scheduling + Network Bandwidth Ingress
2026-10-05 17:14:17,4,1080p,nano,30.0,120.0,12.8,19.1,0.59,87.8,96.6,22.95,OVERLOAD,GPU Compute Saturation + CPU Decode / Scheduling + Network Bandwidth Ingress
2026-10-05 17:14:21,4,1080p,nano,28.8,115.0,14.1,22.8,0.59,81.0,96.8,26.62,OVERLOAD,GPU Compute Saturation + Network Bandwidth Ingress
2026-10-05 17:14:22,4,1080p,nano,30.0,120.0,12.3,16.9,0.59,84.0,98.2,23.42,OVERLOAD,GPU Compute Saturation + Network Bandwidth Ingress
2026-10-05 17:14:25,4,1080p,nano,30.0,120.0,12.7,17.4,0.59,77.0,97.8,26.33,OVERLOAD,GPU Compute Saturation + Network Bandwidth Ingress
2026-10-05 17:14:28,4,1080p,nano,30.0,120.0,13.8,19.8,0.59,80.8,96.3,23.01,OVERLOAD,GPU Compute Saturation + Network Bandwidth Ingress
2026-10-05 17:14:31,4,1080p,nano,30.0,120.0,11.1,14.1,0.59,76.7,95.6,26.59,OVERLOAD,GPU Compute Saturation + Network Bandwidth Ingress
2026-10-05 17:14:35,4,1080p,nano,28.2,113.0,20.3,58.9,0.6,86.7,94.8,23.21,OVERLOAD,GPU Compute Saturation + CPU Decode / Scheduling + Network Bandwidth Ingress
2026-10-05 17:14:36,4,1080p,nano,30.0,120.0,11.6,16.8,0.6,87.5,94.6,24.95,OVERLOAD,GPU Compute Saturation + CPU Decode / Scheduling + Network Bandwidth Ingress
2026-10-05 17:14:39,4,1080p,nano,30.0,120.0,11.8,16.6,0.6,84.9,98.3,24.33,OVERLOAD,GPU Compute Saturation + Network Bandwidth Ingress
2026-10-05 17:14:40,4,1080p,nano,30.0,120.0,11.6,16.4,0.6,81.1,97.4,25.01,OVERLOAD,GPU Compute Saturation + Network Bandwidth Ingress
2026-10-05 17:14:43,4,1080p,nano,30.0,120.0,11.4,16.6,0.6,80.1,96.7,24.33,OVERLOAD,GPU Compute Saturation + Network Bandwidth Ingress
2026-10-05 17:14:47,4,1080p,nano,30.0,120.0,11.3,15.8,0.6,75.6,97.5,25.64,OVERLOAD,GPU Compute Saturation + Network Bandwidth Ingress
2026-10-05 17:14:50,4,1080p,nano,30.2,121.0,11.8,15.4,0.6,84.0,95.4,24.12,OVERLOAD,GPU Compute Saturation + Network Bandwidth Ingress
2026-10-05 17:14:53,4,1080p,nano,30.0,120.0,12.1,16.3,0.6,83.0,95.9,24.72,OVERLOAD,GPU Compute Saturation + Network Bandwidth Ingress
2026-10-05 17:14:56,4,1080p,nano,30.0,120.0,11.5,14.8,0.59,80.9,94.6,24.64,OVERLOAD,GPU Compute Saturation + Network Bandwidth Ingress
2026-10-05 17:14:59,4,1080p,nano,30.0,120.0,11.7,16.0,0.59,80.0,97.3,25.31,OVERLOAD,GPU Compute Saturation + Network Bandwidth Ingress
2026-10-05 17:15:02,4,1080p,nano,30.0,120.0,11.9,17.0,0.59,78.0,97.9,23.96,OVERLOAD,GPU Compute Saturation + Network Bandwidth Ingress
2026-10-05 17:15:06,4,1080p,nano,30.0,120.0,10.6,14.8,0.59,77.0,95.9,25.88,OVERLOAD,GPU Compute Saturation + Network Bandwidth Ingress
2026-10-05 17:15:07,4,1080p,nano,30.0,120.0,10.6,13.8,0.59,79.6,96.3,23.63,OVERLOAD,GPU Compute Saturation + Network Bandwidth Ingress
2026-10-05 17:15:10,4,1080p,nano,30.0,120.0,10.1,12.9,0.59,80.8,94.9,26.16,OVERLOAD,GPU Compute Saturation + Network Bandwidth Ingress
2026-10-05 17:15:13,4,1080p,nano,30.0,120.0,10.8,16.2,0.59,78.4,95.0,23.03,OVERLOAD,GPU Compute Saturation + Network Bandwidth Ingress
2026-10-05 17:15:16,4,1080p,nano,30.0,120.0,11.1,15.7,0.59,78.5,98.2,26.56,OVERLOAD,GPU Compute Saturation + Network Bandwidth Ingress
2026-10-05 17:15:19,4,1080p,nano,30.0,120.0,11.8,16.4,0.59,81.3,97.7,22.96,OVERLOAD,GPU Compute Saturation + Network Bandwidth Ingress
2026-10-05 17:15:22,4,1080p,nano,30.0,120.0,10.3,14.5,0.59,80.7,95.2,26.61,OVERLOAD,GPU Compute Saturation + Network Bandwidth Ingress
2026-10-05 17:15:25,4,1080p,nano,30.0,120.0,10.9,13.8,0.59,78.7,94.4,22.98,OVERLOAD,GPU Compute Saturation + Network Bandwidth Ingress
2026-10-05 17:15:28,4,1080p,nano,30.0,120.0,11.6,15.5,0.59,76.8,96.9,26.52,OVERLOAD,GPU Compute Saturation + Network Bandwidth Ingress
2026-10-05 17:15:32,4,1080p,nano,30.0,120.0,11.5,16.4,0.58,78.5,97.2,23.55,OVERLOAD,GPU Compute Saturation + Network Bandwidth Ingress
2026-10-05 17:15:35,4,1080p,nano,30.0,120.0,11.1,14.8,0.58,76.4,94.8,25.8,OVERLOAD,GPU Compute Saturation + Network Bandwidth Ingress
2026-10-05 17:15:38,4,1080p,nano,30.0,120.0,10.4,13.5,0.58,82.1,98.3,23.79,OVERLOAD,GPU Compute Saturation + Network Bandwidth Ingress
2026-10-05 17:15:39,4,1080p,nano,30.0,120.0,11.6,15.4,0.58,74.4,97.7,25.51,OVERLOAD,GPU Compute Saturation + Network Bandwidth Ingress
2026-10-05 17:15:42,4,1080p,nano,30.0,120.0,11.6,15.9,0.58,83.3,97.0,24.43,OVERLOAD,GPU Compute Saturation + Network Bandwidth Ingress
2026-10-05 17:15:43,4,1080p,nano,30.0,120.0,11.4,16.0,0.58,79.1,95.7,25.02,OVERLOAD,GPU Compute Saturation + Network Bandwidth Ingress
2026-10-05 17:15:46,4,1080p,nano,30.0,120.0,12.7,20.4,0.58,69.2,96.8,24.92,OVERLOAD,GPU Compute Saturation + Network Bandwidth Ingress
2026-10-05 17:15:49,4,1080p,nano,30.0,120.0,13.8,19.7,0.58,77.3,96.0,23.63,OVERLOAD,GPU Compute Saturation + Network Bandwidth Ingress
2026-10-05 17:15:52,4,1080p,nano,30.0,120.0,12.4,17.6,0.58,75.4,96.2,26.57,OVERLOAD,GPU Compute Saturation + Network Bandwidth Ingress
2026-10-05 17:15:55,4,1080p,nano,30.0,120.0,10.7,14.2,0.58,77.4,94.7,22.89,OVERLOAD,GPU Compute Saturation + Network Bandwidth Ingress
2026-10-05 17:15:58,4,1080p,nano,30.0,120.0,11.4,15.8,0.58,75.9,94.5,26.67,OVERLOAD,GPU Compute Saturation + Network Bandwidth Ingress
2026-10-05 17:15:59,4,1080p,nano,30.0,120.0,9.9,14.0,0.58,75.9,96.9,23.02,OVERLOAD,GPU Compute Saturation + Network Bandwidth Ingress
2026-10-05 17:16:02,4,1080p,nano,30.0,120.0,10.0,12.7,0.58,85.4,96.9,26.36,OVERLOAD,GPU Compute Saturation + CPU Decode / Scheduling + Network Bandwidth Ingress
2026-10-05 17:16:06,4,1080p,nano,30.0,120.0,11.1,14.8,0.58,76.6,94.8,23.75,OVERLOAD,GPU Compute Saturation + Network Bandwidth Ingress
2026-10-05 17:16:09,4,1080p,nano,30.2,121.0,13.0,19.1,0.58,76.3,97.5,25.28,OVERLOAD,GPU Compute Saturation + Network Bandwidth Ingress
2026-10-05 17:16:12,4,1080p,nano,30.0,120.0,11.5,15.7,0.57,84.0,95.8,24.18,OVERLOAD,GPU Compute Saturation + Network Bandwidth Ingress
2026-10-05 17:16:15,4,1080p,nano,30.0,120.0,10.7,13.9,0.57,77.8,95.0,25.46,OVERLOAD,GPU Compute Saturation + Network Bandwidth Ingress
2026-10-05 17:16:16,4,1080p,nano,30.0,120.0,10.6,14.7,0.57,73.3,95.9,24.64,OVERLOAD,GPU Compute Saturation + Network Bandwidth Ingress
2026-10-05 17:16:19,4,1080p,nano,30.0,120.0,10.3,14.3,0.57,65.4,98.1,24.63,OVERLOAD,GPU Compute Saturation + Network Bandwidth Ingress
2026-10-05 17:16:22,4,1080p,nano,30.0,120.0,10.0,14.0,0.57,69.9,94.8,25.45,OVERLOAD,GPU Compute Saturation + Network Bandwidth Ingress
2026-10-05 17:16:25,4,1080p,nano,30.0,120.0,9.4,12.6,0.57,69.4,95.4,23.22,OVERLOAD,GPU Compute Saturation + Network Bandwidth Ingress
2026-10-05 17:16:28,4,1080p,nano,30.0,120.0,10.2,13.7,0.57,69.1,98.2,26.69,OVERLOAD,GPU Compute Saturation + Network Bandwidth Ingress
2026-10-05 17:16:31,4,1080p,nano,30.0,120.0,9.3,11.6,0.57,71.0,95.9,23.27,OVERLOAD,GPU Compute Saturation + Network Bandwidth Ingress
2026-10-05 17:16:34,4,1080p,nano,30.2,121.0,9.4,12.4,0.57,71.3,97.8,25.64,OVERLOAD,GPU Compute Saturation + Network Bandwidth Ingress
2026-10-05 17:16:37,4,1080p,nano,30.0,120.0,10.2,14.3,0.57,73.4,96.3,24.74,OVERLOAD,GPU Compute Saturation + Network Bandwidth Ingress
2026-10-05 17:16:40,4,1080p,nano,30.0,120.0,9.8,13.8,0.57,71.9,96.9,23.92,OVERLOAD,GPU Compute Saturation + Network Bandwidth Ingress
2026-10-05 17:16:43,4,1080p,nano,30.0,120.0,9.4,12.0,0.57,70.5,98.3,26.11,OVERLOAD,GPU Compute Saturation + Network Bandwidth Ingress
2026-10-05 17:16:46,4,1080p,nano,30.0,120.0,9.2,11.9,0.57,68.3,95.4,22.89,OVERLOAD,GPU Compute Saturation + Network Bandwidth Ingress
2026-10-05 17:16:49,4,1080p,nano,30.0,120.0,9.7,12.8,0.57,72.3,97.2,26.64,OVERLOAD,GPU Compute Saturation + Network Bandwidth Ingress
2026-10-05 17:16:52,4,1080p,nano,30.0,120.0,9.5,12.4,0.56,68.8,94.5,23.18,OVERLOAD,GPU Compute Saturation + Network Bandwidth Ingress
2026-10-05 17:16:55,4,1080p,nano,30.0,120.0,9.9,13.5,0.56,73.0,94.7,25.59,OVERLOAD,GPU Compute Saturation + Network Bandwidth Ingress
2026-10-05 17:16:59,4,1080p,nano,30.0,120.0,9.6,12.2,0.56,75.4,96.1,24.19,OVERLOAD,GPU Compute Saturation + Network Bandwidth Ingress
2026-10-05 17:17:02,4,1080p,nano,30.0,120.0,9.2,12.1,0.56,70.4,95.5,24.58,OVERLOAD,GPU Compute Saturation + Network Bandwidth Ingress
2026-10-05 17:17:05,4,1080p,nano,30.0,120.0,9.0,11.6,0.56,70.5,95.6,25.45,OVERLOAD,GPU Compute Saturation + Network Bandwidth Ingress
2026-10-05 17:17:08,4,1080p,nano,30.0,120.0,10.8,14.2,0.56,70.9,94.4,23.35,OVERLOAD,GPU Compute Saturation + Network Bandwidth Ingress
2026-10-05 17:17:11,4,1080p,nano,30.0,120.0,10.5,13.9,0.56,80.0,97.9,26.53,OVERLOAD,GPU Compute Saturation + Network Bandwidth Ingress
2026-10-05 17:17:14,4,1080p,nano,30.0,120.0,9.7,13.5,0.56,72.9,97.0,22.97,OVERLOAD,GPU Compute Saturation + Network Bandwidth Ingress
2026-10-05 17:17:17,4,1080p,nano,30.0,120.0,10.6,14.5,0.56,76.3,94.5,26.68,OVERLOAD,GPU Compute Saturation + Network Bandwidth Ingress
2026-10-05 17:17:21,4,1080p,nano,30.0,120.0,14.7,22.1,0.56,89.8,97.2,22.93,OVERLOAD,GPU Compute Saturation + CPU Decode / Scheduling + Network Bandwidth Ingress
2026-10-05 17:17:24,4,1080p,nano,30.0,120.0,13.4,20.6,0.56,82.7,97.9,26.09,OVERLOAD,GPU Compute Saturation + Network Bandwidth Ingress
2026-10-05 17:17:27,4,1080p,nano,30.0,120.0,11.3,16.0,0.56,75.6,97.5,23.15,OVERLOAD,GPU Compute Saturation + Network Bandwidth Ingress
2026-10-05 17:17:30,4,1080p,nano,30.0,120.0,10.9,16.7,0.56,72.0,94.5,26.71,OVERLOAD,GPU Compute Saturation + Network Bandwidth Ingress
2026-10-05 17:17:33,4,1080p,nano,30.0,120.0,9.6,14.0,0.55,70.8,95.4,23.28,OVERLOAD,GPU Compute Saturation + Network Bandwidth Ingress
2026-10-05 17:17:34,4,1080p,nano,30.0,120.0,9.9,13.2,0.55,74.8,95.5,25.73,OVERLOAD,GPU Compute Saturation + Network Bandwidth Ingress
2026-10-05 17:17:37,4,1080p,nano,30.0,120.0,9.4,12.2,0.55,73.2,95.9,24.15,OVERLOAD,GPU Compute Saturation + Network Bandwidth Ingress
2026-10-05 17:17:40,4,1080p,nano,30.0,120.0,9.7,13.0,0.55,74.5,96.2,24.52,OVERLOAD,GPU Compute Saturation + Network Bandwidth Ingress
2026-10-05 17:17:43,4,1080p,nano,30.0,120.0,10.2,13.8,0.55,77.3,96.8,25.72,OVERLOAD,GPU Compute Saturation + Network Bandwidth Ingress
2026-10-05 17:17:44,4,1080p,nano,30.2,121.0,11.0,15.5,0.55,87.5,98.4,24.68,OVERLOAD,GPU Compute Saturation + CPU Decode / Scheduling + Network Bandwidth Ingress
2026-10-05 17:17:47,4,1080p,nano,30.0,120.0,10.1,13.3,0.55,88.2,96.2,25.31,OVERLOAD,GPU Compute Saturation + CPU Decode / Scheduling + Network Bandwidth Ingress
2026-10-05 17:17:51,4,1080p,nano,30.0,120.0,10.0,14.1,0.55,81.0,96.1,24.55,OVERLOAD,GPU Compute Saturation + Network Bandwidth Ingress
2026-10-05 17:17:54,4,1080p,nano,30.0,120.0,10.2,13.1,0.55,74.1,95.0,25.64,OVERLOAD,GPU Compute Saturation + Network Bandwidth Ingress
2026-10-05 17:17:57,4,1080p,nano,30.0,120.0,10.2,13.4,0.55,69.1,95.1,23.34,OVERLOAD,GPU Compute Saturation + Network Bandwidth Ingress
2026-10-05 17:18:00,4,1080p,nano,30.0,120.0,9.2,12.7,0.55,73.0,95.8,26.63,OVERLOAD,GPU Compute Saturation + Network Bandwidth Ingress
2026-10-05 17:18:01,4,1080p,nano,30.0,120.0,10.4,14.2,0.55,69.5,96.4,22.91,OVERLOAD,GPU Compute Saturation + Network Bandwidth Ingress
2026-10-05 17:18:04,4,1080p,nano,30.0,120.0,9.5,12.2,0.55,69.4,94.8,26.67,OVERLOAD,GPU Compute Saturation + Network Bandwidth Ingress
2026-10-05 17:18:07,4,1080p,nano,30.0,120.0,9.6,12.2,0.55,72.0,95.4,23.43,OVERLOAD,GPU Compute Saturation + Network Bandwidth Ingress
2026-10-05 17:18:10,4,1080p,nano,30.0,120.0,9.3,12.2,0.55,68.8,95.5,25.27,OVERLOAD,GPU Compute Saturation + Network Bandwidth Ingress
2026-10-05 17:18:11,4,1080p,nano,30.0,120.0,11.0,14.6,0.55,72.4,97.4,24.68,OVERLOAD,GPU Compute Saturation + Network Bandwidth Ingress
2026-10-05 17:18:14,4,1080p,nano,30.0,120.0,11.1,15.1,0.55,76.1,96.7,24.52,OVERLOAD,GPU Compute Saturation + Network Bandwidth Ingress
2026-10-05 17:18:17,4,1080p,nano,30.0,120.0,11.5,16.6,0.54,75.7,95.7,25.88,OVERLOAD,GPU Compute Saturation + Network Bandwidth Ingress
2026-10-05 17:18:20,4,1080p,nano,30.0,120.0,10.6,14.3,0.54,69.0,94.6,23.02,OVERLOAD,GPU Compute Saturation + Network Bandwidth Ingress
2026-10-05 17:18:23,4,1080p,nano,30.0,120.0,9.6,11.9,0.54,73.8,95.2,26.66,OVERLOAD,GPU Compute Saturation + Network Bandwidth Ingress
2026-10-05 17:18:26,4,1080p,nano,30.0,120.0,9.4,11.7,0.54,73.8,98.3,23.4,OVERLOAD,GPU Compute Saturation + Network Bandwidth Ingress
2026-10-05 17:18:27,4,1080p,nano,30.0,120.0,9.6,12.7,0.54,77.3,94.6,26.12,OVERLOAD,GPU Compute Saturation + Network Bandwidth Ingress
2026-10-05 17:18:30,4,1080p,nano,30.0,120.0,8.9,11.6,0.54,66.9,95.7,23.69,OVERLOAD,GPU Compute Saturation + Network Bandwidth Ingress
2026-10-05 17:18:33,4,1080p,nano,30.0,120.0,12.4,31.2,0.54,76.7,95.2,24.67,OVERLOAD,GPU Compute Saturation + Network Bandwidth Ingress
2026-10-05 17:18:36,4,1080p,nano,30.0,120.0,9.5,12.6,0.54,71.5,95.1,25.85,OVERLOAD,GPU Compute Saturation + Network Bandwidth Ingress
2026-10-05 17:18:39,4,1080p,nano,30.0,120.0,10.2,12.8,0.54,82.3,96.4,23.98,OVERLOAD,GPU Compute Saturation + Network Bandwidth Ingress
2026-10-05 17:18:42,4,1080p,nano,30.0,120.0,9.8,12.8,0.54,78.3,98.1,25.72,OVERLOAD,GPU Compute Saturation + Network Bandwidth Ingress
2026-10-05 17:18:46,4,1080p,nano,30.0,120.0,9.3,12.2,0.54,70.4,97.1,23.51,OVERLOAD,GPU Compute Saturation + Network Bandwidth Ingress
2026-10-05 17:18:49,4,1080p,nano,30.0,120.0,9.5,12.2,0.54,74.1,94.7,26.61,OVERLOAD,GPU Compute Saturation + Network Bandwidth Ingress
2026-10-05 17:18:52,4,1080p,nano,30.0,120.0,9.6,12.2,0.54,68.1,97.2,22.96,OVERLOAD,GPU Compute Saturation + Network Bandwidth Ingress
2026-10-05 17:18:55,4,1080p,nano,30.0,120.0,10.3,13.5,0.54,71.2,98.3,26.64,OVERLOAD,GPU Compute Saturation + Network Bandwidth Ingress
2026-10-05 17:18:58,4,1080p,nano,30.0,120.0,10.6,13.8,0.54,70.0,95.6,23.32,OVERLOAD,GPU Compute Saturation + Network Bandwidth Ingress
2026-10-05 17:19:01,4,1080p,nano,30.0,120.0,13.1,19.1,0.53,68.4,97.1,25.65,OVERLOAD,GPU Compute Saturation + Network Bandwidth Ingress
2026-10-05 17:19:04,4,1080p,nano,30.0,120.0,11.9,18.2,0.53,72.6,97.1,24.57,OVERLOAD,GPU Compute Saturation + Network Bandwidth Ingress
2026-10-05 17:19:07,4,1080p,nano,30.0,120.0,10.6,13.9,0.53,73.1,97.6,24.07,OVERLOAD,GPU Compute Saturation + Network Bandwidth Ingress
2026-10-05 17:19:10,4,1080p,nano,30.0,120.0,10.4,14.6,0.53,71.0,95.3,26.06,OVERLOAD,GPU Compute Saturation + Network Bandwidth Ingress
2026-10-05 17:19:13,4,1080p,nano,30.0,120.0,9.3,12.1,0.53,75.1,96.4,23.11,OVERLOAD,GPU Compute Saturation + Network Bandwidth Ingress
2026-10-05 17:19:16,4,1080p,nano,30.0,120.0,9.7,13.5,0.53,71.9,96.9,26.57,OVERLOAD,GPU Compute Saturation + Network Bandwidth Ingress
2026-10-05 17:19:19,4,1080p,nano,30.0,120.0,9.4,12.5,0.53,71.8,95.7,22.9,OVERLOAD,GPU Compute Saturation + Network Bandwidth Ingress
2026-10-05 17:19:23,4,1080p,nano,30.0,120.0,10.2,14.9,0.53,74.9,95.2,26.64,OVERLOAD,GPU Compute Saturation + Network Bandwidth Ingress
2026-10-05 17:19:26,4,1080p,nano,30.0,120.0,9.6,12.3,0.53,80.3,95.4,22.95,OVERLOAD,GPU Compute Saturation + Network Bandwidth Ingress
2026-10-05 17:19:29,4,1080p,nano,30.0,120.0,10.9,14.0,0.53,73.1,94.9,26.33,OVERLOAD,GPU Compute Saturation + Network Bandwidth Ingress
2026-10-05 17:19:32,4,1080p,nano,30.0,120.0,9.9,13.8,0.53,69.4,98.2,23.55,OVERLOAD,GPU Compute Saturation + Network Bandwidth Ingress
2026-10-05 17:19:35,4,1080p,nano,30.0,120.0,9.3,11.7,0.53,75.4,95.0,25.38,OVERLOAD,GPU Compute Saturation + Network Bandwidth Ingress
2026-10-05 17:19:38,4,1080p,nano,30.0,120.0,9.6,12.3,0.53,71.8,96.0,24.81,OVERLOAD,GPU Compute Saturation + Network Bandwidth Ingress
2026-10-05 17:19:41,4,1080p,nano,30.0,120.0,11.9,17.0,0.53,77.1,96.9,24.38,OVERLOAD,GPU Compute Saturation + Network Bandwidth Ingress
2026-10-05 17:19:45,4,1080p,nano,30.0,120.0,11.3,17.4,0.53,81.3,94.7,25.09,OVERLOAD,GPU Compute Saturation + Network Bandwidth Ingress
2026-10-05 17:19:48,4,1080p,nano,30.0,120.0,11.9,18.0,0.52,80.5,97.8,25.74,OVERLOAD,GPU Compute Saturation + Network Bandwidth Ingress
2026-10-05 17:19:51,4,1080p,nano,30.0,120.0,10.7,14.1,0.52,73.0,95.7,24.46,OVERLOAD,GPU Compute Saturation + Network Bandwidth Ingress
2026-10-05 17:19:54,4,1080p,nano,30.0,120.0,9.7,12.6,0.52,76.8,97.0,25.1,OVERLOAD,GPU Compute Saturation + Network Bandwidth Ingress
2026-10-05 17:19:57,4,1080p,nano,30.0,120.0,9.5,12.1,0.52,74.0,98.1,25.15,OVERLOAD,GPU Compute Saturation + Network Bandwidth Ingress
2026-10-05 17:20:00,4,1080p,nano,30.0,120.0,10.0,13.4,0.52,70.9,97.2,23.83,OVERLOAD,GPU Compute Saturation + Network Bandwidth Ingress
2026-10-05 17:20:03,4,1080p,nano,30.0,120.0,9.7,12.6,0.52,72.9,96.2,26.34,OVERLOAD,GPU Compute Saturation + Network Bandwidth Ingress
2026-10-05 17:20:06,4,1080p,nano,30.0,120.0,11.2,15.7,0.52,69.2,96.2,22.97,OVERLOAD,GPU Compute Saturation + Network Bandwidth Ingress
2026-10-05 17:20:07,4,1080p,nano,30.0,120.0,10.0,13.8,0.52,70.6,95.8,26.49,OVERLOAD,GPU Compute Saturation + Network Bandwidth Ingress
2026-10-05 17:20:10,4,1080p,nano,30.0,120.0,9.5,12.8,0.52,66.2,97.4,23.3,OVERLOAD,GPU Compute Saturation + Network Bandwidth Ingress
2026-10-05 17:20:13,4,1080p,nano,30.0,120.0,10.2,13.8,0.52,72.5,97.1,25.09,OVERLOAD,GPU Compute Saturation + Network Bandwidth Ingress
2026-10-05 17:20:16,4,1080p,nano,30.0,120.0,9.1,12.1,0.52,70.1,96.4,25.11,OVERLOAD,GPU Compute Saturation + Network Bandwidth Ingress
2026-10-05 17:20:17,4,1080p,nano,30.0,120.0,9.6,12.1,0.52,75.0,97.9,24.88,OVERLOAD,GPU Compute Saturation + Network Bandwidth Ingress
2026-10-05 17:20:20,4,1080p,nano,30.0,120.0,9.4,12.5,0.52,75.9,94.7,25.07,OVERLOAD,GPU Compute Saturation + Network Bandwidth Ingress
2026-10-05 17:20:23,4,1080p,nano,30.0,120.0,10.7,14.2,0.52,72.8,96.1,23.38,OVERLOAD,GPU Compute Saturation + Network Bandwidth Ingress
2026-10-05 17:20:26,4,1080p,nano,30.0,120.0,11.1,15.7,0.52,66.8,96.6,26.63,OVERLOAD,GPU Compute Saturation + Network Bandwidth Ingress
2026-10-05 17:20:29,4,1080p,nano,30.0,120.0,9.4,11.9,0.52,74.7,95.4,22.98,OVERLOAD,GPU Compute Saturation + Network Bandwidth Ingress
2026-10-05 17:20:33,4,1080p,nano,30.0,120.0,9.3,12.0,0.52,73.0,97.7,26.55,OVERLOAD,GPU Compute Saturation + Network Bandwidth Ingress
2026-10-05 17:20:36,4,1080p,nano,30.0,120.0,9.6,12.1,0.51,74.6,96.9,23.21,OVERLOAD,GPU Compute Saturation + Network Bandwidth Ingress
2026-10-05 17:20:39,4,1080p,nano,30.0,120.0,10.3,14.8,0.51,70.1,98.3,25.9,OVERLOAD,GPU Compute Saturation + Network Bandwidth Ingress
2026-10-05 17:20:42,4,1080p,nano,30.0,120.0,9.3,12.2,0.51,70.7,97.4,24.31,OVERLOAD,GPU Compute Saturation + Network Bandwidth Ingress
2026-10-05 17:20:45,4,1080p,nano,30.0,120.0,11.0,16.2,0.51,72.6,97.0,24.26,OVERLOAD,GPU Compute Saturation + Network Bandwidth Ingress
2026-10-05 17:20:48,4,1080p,nano,30.0,120.0,11.6,16.6,0.51,71.5,95.9,26.13,OVERLOAD,GPU Compute Saturation + Network Bandwidth Ingress
2026-10-05 17:20:49,4,1080p,nano,30.0,120.0,10.2,14.3,0.51,72.1,96.6,23.26,OVERLOAD,GPU Compute Saturation + Network Bandwidth Ingress
2026-10-05 17:20:52,4,1080p,nano,30.0,120.0,9.9,13.3,0.51,79.9,97.0,26.41,OVERLOAD,GPU Compute Saturation + Network Bandwidth Ingress
2026-10-05 17:20:55,4,1080p,nano,30.0,120.0,9.8,12.6,0.51,71.1,97.1,23.04,OVERLOAD,GPU Compute Saturation + Network Bandwidth Ingress
2026-10-05 17:20:58,4,1080p,nano,30.0,120.0,9.4,12.0,0.51,66.8,95.4,25.98,OVERLOAD,GPU Compute Saturation + Network Bandwidth Ingress
2026-10-05 17:21:01,4,1080p,nano,30.0,120.0,9.7,12.8,0.51,72.6,94.6,24.35,OVERLOAD,GPU Compute Saturation + Network Bandwidth Ingress
2026-10-05 17:21:04,4,1080p,nano,30.0,120.0,9.1,11.3,0.51,69.5,95.9,24.29,OVERLOAD,GPU Compute Saturation + Network Bandwidth Ingress
2026-10-05 17:21:05,4,1080p,nano,30.0,120.0,9.4,12.1,0.51,75.2,98.1,25.46,OVERLOAD,GPU Compute Saturation + Network Bandwidth Ingress
2026-10-05 17:21:08,4,1080p,nano,30.0,120.0,9.2,11.5,0.51,72.9,95.2,23.86,OVERLOAD,GPU Compute Saturation + Network Bandwidth Ingress
2026-10-05 17:21:11,4,1080p,nano,30.0,120.0,9.7,12.3,0.51,71.6,97.6,26.45,OVERLOAD,GPU Compute Saturation + Network Bandwidth Ingress
2026-10-05 17:21:14,4,1080p,nano,30.0,120.0,10.8,14.6,0.51,67.9,97.8,23.06,OVERLOAD,GPU Compute Saturation + Network Bandwidth Ingress
2026-10-05 17:21:17,4,1080p,nano,30.0,120.0,7.8,11.2,0.51,71.2,95.5,26.54,OVERLOAD,GPU Compute Saturation + Network Bandwidth Ingress
2026-10-05 17:21:20,4,1080p,nano,30.0,120.0,6.9,8.3,0.51,63.5,95.4,23.35,OVERLOAD,GPU Compute Saturation + Network Bandwidth Ingress
2026-10-05 17:21:21,4,1080p,nano,30.0,120.0,6.6,8.4,0.51,62.6,96.7,25.82,OVERLOAD,GPU Compute Saturation + Network Bandwidth Ingress
2026-10-05 17:21:24,4,1080p,nano,30.0,120.0,6.8,8.4,0.51,60.2,95.3,24.0,OVERLOAD,GPU Compute Saturation + Network Bandwidth Ingress
2026-10-05 17:21:27,4,1080p,nano,30.0,120.0,7.4,9.9,0.5,67.1,96.8,24.86,OVERLOAD,GPU Compute Saturation + Network Bandwidth Ingress
2026-10-05 17:21:31,4,1080p,nano,30.0,120.0,9.3,12.0,0.5,69.0,94.5,24.66,OVERLOAD,GPU Compute Saturation + Network Bandwidth Ingress
2026-10-05 17:21:34,4,1080p,nano,30.0,120.0,9.2,11.9,0.5,70.8,97.4,24.72,OVERLOAD,GPU Compute Saturation + Network Bandwidth Ingress
2026-10-05 17:21:37,4,1080p,nano,30.0,120.0,9.4,13.1,0.5,70.6,97.6,24.58,OVERLOAD,GPU Compute Saturation + Network Bandwidth Ingress
2026-10-05 17:21:40,4,1080p,nano,30.0,120.0,9.1,12.8,0.5,62.2,96.8,24.27,OVERLOAD,GPU Compute Saturation + Network Bandwidth Ingress
2026-10-05 17:21:43,4,1080p,nano,30.0,120.0,7.2,10.0,0.5,60.4,97.3,26.15,OVERLOAD,GPU Compute Saturation + Network Bandwidth Ingress
2026-10-05 17:21:44,4,1080p,nano,30.0,120.0,8.2,10.8,0.5,67.0,98.3,23.72,OVERLOAD,GPU Compute Saturation + Network Bandwidth Ingress
2026-10-05 17:21:47,4,1080p,nano,30.0,120.0,7.9,10.5,0.5,61.3,96.4,26.17,OVERLOAD,GPU Compute Saturation + Network Bandwidth Ingress
2026-10-05 17:21:50,4,1080p,nano,30.0,120.0,7.7,10.3,0.5,56.5,95.1,23.32,OVERLOAD,GPU Compute Saturation + Network Bandwidth Ingress
2026-10-05 17:21:52,4,1080p,nano,30.0,120.0,7.9,10.2,0.5,56.1,96.3,24.28,OVERLOAD,GPU Compute Saturation + Network Bandwidth Ingress
2026-10-05 17:21:55,4,1080p,nano,30.0,120.0,7.7,9.9,0.5,51.2,97.2,26.6,OVERLOAD,GPU Compute Saturation + Network Bandwidth Ingress
2026-10-05 17:21:58,4,1080p,nano,30.0,120.0,8.1,10.2,0.5,59.7,96.9,24.52,OVERLOAD,GPU Compute Saturation + Network Bandwidth Ingress
2026-10-05 17:22:00,4,1080p,nano,30.0,120.0,8.1,9.9,0.5,49.1,94.5,23.05,OVERLOAD,GPU Compute Saturation + Network Bandwidth Ingress
2026-10-05 17:22:03,4,1080p,nano,30.0,120.0,8.9,11.8,0.5,53.5,95.9,25.57,OVERLOAD,GPU Compute Saturation + Network Bandwidth Ingress
2026-10-05 17:22:06,4,1080p,nano,30.0,120.0,8.2,10.3,0.5,57.4,95.0,26.05,OVERLOAD,GPU Compute Saturation + Network Bandwidth Ingress
2026-10-05 17:22:09,4,1080p,nano,30.0,120.0,8.9,11.6,0.5,57.9,94.8,23.05,OVERLOAD,GPU Compute Saturation + Network Bandwidth Ingress
2026-10-05 17:22:12,4,1080p,nano,30.0,120.0,9.4,13.9,0.5,66.5,94.9,26.49,OVERLOAD,GPU Compute Saturation + Network Bandwidth Ingress
2026-10-05 17:22:13,4,1080p,nano,30.0,120.0,8.2,10.3,0.5,65.9,97.6,23.23,OVERLOAD,GPU Compute Saturation + Network Bandwidth Ingress
2026-10-05 17:22:16,4,1080p,nano,30.0,120.0,8.0,10.1,0.5,59.1,95.2,26.23,OVERLOAD,GPU Compute Saturation + Network Bandwidth Ingress
2026-10-05 17:22:17,4,1080p,nano,30.0,120.0,8.1,10.8,0.49,64.0,95.7,24.17,OVERLOAD,GPU Compute Saturation + Network Bandwidth Ingress
2026-10-05 17:22:20,4,1080p,nano,30.0,120.0,7.6,9.5,0.49,68.7,94.5,25.12,OVERLOAD,GPU Compute Saturation + Network Bandwidth Ingress
2026-10-05 17:22:21,4,1080p,nano,30.0,120.0,8.7,11.0,0.49,66.2,97.1,25.06,OVERLOAD,GPU Compute Saturation + Network Bandwidth Ingress
2026-10-05 17:22:24,4,1080p,nano,30.0,120.0,8.1,10.4,0.49,58.4,97.2,24.18,OVERLOAD,GPU Compute Saturation + Network Bandwidth Ingress
2026-10-05 17:22:28,4,1080p,nano,30.0,120.0,8.2,9.9,0.49,58.4,96.6,26.52,OVERLOAD,GPU Compute Saturation + Network Bandwidth Ingress
2026-10-05 17:22:29,4,1080p,nano,30.0,120.0,8.6,12.8,0.49,76.3,96.6,25.5,OVERLOAD,GPU Compute Saturation + Network Bandwidth Ingress
2026-10-05 17:22:32,4,1080p,nano,30.0,120.0,11.2,16.6,0.49,77.6,94.9,24.43,OVERLOAD,GPU Compute Saturation + Network Bandwidth Ingress
2026-10-05 17:22:33,4,1080p,nano,30.0,120.0,6.4,10.3,0.49,61.1,94.6,24.96,OVERLOAD,GPU Compute Saturation + Network Bandwidth Ingress
2026-10-05 17:22:36,4,1080p,nano,30.0,120.0,7.0,10.1,0.49,65.0,95.5,24.89,OVERLOAD,GPU Compute Saturation + Network Bandwidth Ingress
2026-10-05 17:22:39,4,1080p,nano,30.0,120.0,6.8,8.8,0.49,50.0,96.2,23.49,OVERLOAD,GPU Compute Saturation + Network Bandwidth Ingress
2026-10-05 17:22:42,4,1080p,nano,30.0,120.0,6.4,8.4,0.49,51.1,98.3,26.51,OVERLOAD,GPU Compute Saturation + Network Bandwidth Ingress
2026-10-05 17:22:45,4,1080p,nano,30.0,120.0,6.8,9.8,0.49,61.3,98.1,23.19,OVERLOAD,GPU Compute Saturation + Network Bandwidth Ingress
2026-10-05 17:22:49,4,1080p,nano,30.0,120.0,9.2,12.2,0.49,73.9,96.3,26.22,OVERLOAD,GPU Compute Saturation + Network Bandwidth Ingress
2026-10-05 17:22:52,4,1080p,nano,30.0,120.0,10.0,14.9,0.49,75.2,96.2,23.14,OVERLOAD,GPU Compute Saturation + Network Bandwidth Ingress
2026-10-05 17:22:53,4,1080p,nano,30.0,120.0,9.0,12.7,0.49,71.8,97.2,26.48,OVERLOAD,GPU Compute Saturation + Network Bandwidth Ingress
2026-10-05 17:22:56,4,1080p,nano,30.0,120.0,8.3,10.9,0.49,66.5,96.6,23.02,OVERLOAD,GPU Compute Saturation + Network Bandwidth Ingress
2026-10-05 17:22:59,4,1080p,nano,30.0,120.0,10.4,14.8,0.49,70.9,96.1,26.28,OVERLOAD,GPU Compute Saturation + Network Bandwidth Ingress
2026-10-05 17:23:02,4,1080p,nano,30.0,120.0,11.5,16.6,0.49,71.0,94.6,23.42,OVERLOAD,GPU Compute Saturation + Network Bandwidth Ingress
2026-10-05 17:23:05,4,1080p,nano,30.0,120.0,10.3,14.1,0.49,71.8,97.4,26.11,OVERLOAD,GPU Compute Saturation + Network Bandwidth Ingress
2026-10-05 17:23:09,4,1080p,nano,30.0,120.0,10.6,15.7,0.49,70.5,97.6,23.93,OVERLOAD,GPU Compute Saturation + Network Bandwidth Ingress
2026-10-05 17:23:12,4,1080p,nano,31.2,125.0,27.4,65.4,0.48,88.1,97.6,26.22,OVERLOAD,GPU Compute Saturation + CPU Decode / Scheduling + Network Bandwidth Ingress
2026-10-05 17:23:16,4,1080p,nano,30.0,120.0,16.8,30.8,0.48,86.3,97.4,23.37,OVERLOAD,GPU Compute Saturation + CPU Decode / Scheduling + Network Bandwidth Ingress
2026-10-05 17:23:20,4,1080p,nano,29.8,119.0,28.6,49.9,0.48,93.6,95.3,23.25,OVERLOAD,GPU Compute Saturation + CPU Decode / Scheduling + Network Bandwidth Ingress
2026-10-05 17:23:21,4,1080p,nano,30.0,120.0,16.1,46.5,0.48,82.4,95.3,24.8,OVERLOAD,GPU Compute Saturation + Network Bandwidth Ingress
2026-10-05 17:23:25,4,1080p,nano,30.0,120.0,13.3,18.5,0.48,97.4,96.2,24.49,OVERLOAD,GPU Compute Saturation + CPU Decode / Scheduling + Network Bandwidth Ingress
2026-10-05 17:23:28,4,1080p,nano,29.8,119.0,17.4,37.1,0.48,83.0,95.2,24.2,OVERLOAD,GPU Compute Saturation + Network Bandwidth Ingress
2026-10-05 17:23:32,4,1080p,nano,30.0,120.0,11.8,17.5,0.48,72.8,97.5,26.13,OVERLOAD,GPU Compute Saturation + Network Bandwidth Ingress
2026-10-05 17:23:36,4,1080p,nano,30.0,120.0,10.8,19.4,0.48,81.8,97.6,23.87,OVERLOAD,GPU Compute Saturation + Network Bandwidth Ingress
2026-10-05 17:23:40,4,1080p,nano,30.0,120.0,9.7,15.9,0.48,78.6,96.8,23.1,OVERLOAD,GPU Compute Saturation + Network Bandwidth Ingress
2026-10-05 17:23:43,4,1080p,nano,30.0,120.0,9.7,14.3,0.48,82.0,94.7,23.89,OVERLOAD,GPU Compute Saturation + Network Bandwidth Ingress
2026-10-05 17:23:44,4,1080p,nano,30.0,120.0,8.1,12.0,0.48,78.8,96.2,25.61,OVERLOAD,GPU Compute Saturation + Network Bandwidth Ingress
2026-10-05 17:23:48,4,1080p,nano,30.0,120.0,10.3,16.1,0.48,87.7,97.8,23.71,OVERLOAD,GPU Compute Saturation + CPU Decode / Scheduling + Network Bandwidth Ingress
2026-10-05 17:23:52,4,1080p,nano,30.0,120.0,9.6,13.9,0.48,79.0,97.0,23.64,OVERLOAD,GPU Compute Saturation + Network Bandwidth Ingress
2026-10-05 17:23:56,4,1080p,nano,30.0,120.0,10.8,16.6,0.48,84.7,98.2,25.4,OVERLOAD,GPU Compute Saturation + Network Bandwidth Ingress
2026-10-05 17:23:57,4,1080p,nano,30.0,120.0,9.7,13.8,0.48,81.8,95.2,26.09,OVERLOAD,GPU Compute Saturation + Network Bandwidth Ingress
2026-10-05 17:24:01,4,1080p,nano,30.0,120.0,11.9,18.9,0.48,85.7,96.7,23.37,OVERLOAD,GPU Compute Saturation + CPU Decode / Scheduling + Network Bandwidth Ingress
2026-10-05 17:24:05,4,1080p,nano,30.0,120.0,14.1,20.2,0.48,81.4,95.1,24.0,OVERLOAD,GPU Compute Saturation + Network Bandwidth Ingress
2026-10-05 17:24:06,4,1080p,nano,30.0,120.0,6.9,15.5,0.48,70.1,95.9,25.72,OVERLOAD,GPU Compute Saturation + Network Bandwidth Ingress
2026-10-05 17:24:09,4,1080p,nano,30.0,120.0,6.0,8.6,0.48,50.3,95.2,23.58,OVERLOAD,GPU Compute Saturation + Network Bandwidth Ingress
2026-10-05 17:24:11,4,1080p,nano,30.0,120.0,7.8,12.4,0.48,64.2,97.4,26.43,OVERLOAD,GPU Compute Saturation + Network Bandwidth Ingress
2026-10-05 17:24:15,4,1080p,nano,30.0,120.0,6.3,8.0,0.48,57.1,96.0,23.63,OVERLOAD,GPU Compute Saturation + Network Bandwidth Ingress
2026-10-05 17:24:18,4,1080p,nano,30.0,120.0,7.7,11.1,0.47,68.4,95.3,26.29,OVERLOAD,GPU Compute Saturation + Network Bandwidth Ingress
2026-10-05 17:24:21,4,1080p,nano,30.5,122.0,10.7,16.3,0.47,71.2,96.6,23.32,OVERLOAD,GPU Compute Saturation + Network Bandwidth Ingress
2026-10-05 17:24:24,4,1080p,nano,30.0,120.0,10.0,13.1,0.47,72.2,96.9,25.87,OVERLOAD,GPU Compute Saturation + Network Bandwidth Ingress
2026-10-05 17:24:27,4,1080p,nano,30.0,120.0,8.0,9.9,0.47,56.9,97.3,25.41,OVERLOAD,GPU Compute Saturation + Network Bandwidth Ingress
2026-10-05 17:24:30,4,1080p,nano,30.0,120.0,9.7,13.5,0.47,70.5,94.4,23.26,OVERLOAD,GPU Compute Saturation + Network Bandwidth Ingress
2026-10-05 17:24:33,4,1080p,nano,30.0,120.0,9.0,11.1,0.47,69.7,96.5,26.46,OVERLOAD,GPU Compute Saturation + Network Bandwidth Ingress
2026-10-05 17:24:36,4,1080p,nano,30.0,120.0,8.2,10.6,0.47,56.1,97.4,23.47,OVERLOAD,GPU Compute Saturation + Network Bandwidth Ingress
2026-10-05 17:24:39,4,1080p,nano,30.0,120.0,9.3,11.9,0.47,66.3,97.4,25.55,OVERLOAD,GPU Compute Saturation + Network Bandwidth Ingress
2026-10-05 17:24:42,4,1080p,nano,30.0,120.0,8.8,11.6,0.47,64.9,97.1,24.68,OVERLOAD,GPU Compute Saturation + Network Bandwidth Ingress
2026-10-05 17:24:45,4,1080p,nano,30.0,120.0,8.3,10.8,0.47,63.8,97.6,24.66,OVERLOAD,GPU Compute Saturation + Network Bandwidth Ingress
2026-10-05 17:24:48,4,1080p,nano,30.0,120.0,8.8,11.9,0.47,57.5,97.1,26.2,OVERLOAD,GPU Compute Saturation + Network Bandwidth Ingress
2026-10-05 17:24:51,4,1080p,nano,30.0,120.0,7.4,10.5,0.47,52.2,94.5,23.23,OVERLOAD,GPU Compute Saturation + Network Bandwidth Ingress
2026-10-05 17:24:53,4,1080p,nano,30.0,120.0,6.1,8.7,0.47,47.2,94.7,25.58,OVERLOAD,GPU Compute Saturation + Network Bandwidth Ingress
2026-10-05 17:24:56,4,1080p,nano,30.0,120.0,5.6,6.9,0.47,36.7,97.8,26.23,OVERLOAD,GPU Compute Saturation + Network Bandwidth Ingress
2026-10-05 17:24:59,4,1080p,nano,30.0,120.0,5.6,7.0,0.47,38.4,96.2,23.77,OVERLOAD,GPU Compute Saturation + Network Bandwidth Ingress
2026-10-05 17:25:01,4,1080p,nano,30.0,120.0,5.6,7.3,0.47,40.0,96.7,23.56,OVERLOAD,GPU Compute Saturation + Network Bandwidth Ingress
2026-10-05 17:25:04,4,1080p,nano,30.0,120.0,5.9,7.4,0.47,34.2,97.4,26.07,OVERLOAD,GPU Compute Saturation + Network Bandwidth Ingress
2026-10-05 17:25:07,4,1080p,nano,30.0,120.0,5.8,7.1,0.47,40.3,98.2,25.64,OVERLOAD,GPU Compute Saturation + Network Bandwidth Ingress
2026-10-05 17:25:10,4,1080p,nano,30.0,120.0,7.0,10.4,0.47,59.7,94.4,23.34,OVERLOAD,GPU Compute Saturation + Network Bandwidth Ingress
2026-10-05 17:25:13,4,1080p,nano,30.0,120.0,7.2,11.4,0.47,63.3,96.6,26.42,OVERLOAD,GPU Compute Saturation + Network Bandwidth Ingress
2026-10-05 17:25:16,4,1080p,nano,30.0,120.0,6.2,8.6,0.46,55.0,97.9,23.35,OVERLOAD,GPU Compute Saturation + Network Bandwidth Ingress
2026-10-05 17:25:19,4,1080p,nano,30.0,120.0,6.6,11.1,0.46,55.2,98.1,24.78,OVERLOAD,GPU Compute Saturation + Network Bandwidth Ingress
2026-10-05 17:25:22,4,1080p,nano,30.0,120.0,5.9,7.3,0.46,47.8,98.3,26.24,OVERLOAD,GPU Compute Saturation + Network Bandwidth Ingress
2026-10-05 17:25:24,4,1080p,nano,30.0,120.0,5.5,6.8,0.46,48.0,97.3,23.34,OVERLOAD,GPU Compute Saturation + Network Bandwidth Ingress
2026-10-05 17:25:27,4,1080p,nano,30.0,120.0,6.4,8.9,0.46,53.4,95.5,24.57,OVERLOAD,GPU Compute Saturation + Network Bandwidth Ingress
2026-10-05 17:25:30,4,1080p,nano,30.0,120.0,6.7,9.1,0.46,57.0,94.6,26.17,OVERLOAD,GPU Compute Saturation + Network Bandwidth Ingress
2026-10-05 17:25:33,4,1080p,nano,30.0,120.0,9.0,12.0,0.46,68.5,95.1,23.23,OVERLOAD,GPU Compute Saturation + Network Bandwidth Ingress
2026-10-05 17:25:36,4,1080p,nano,30.0,120.0,10.1,15.5,0.46,64.8,94.8,25.58,OVERLOAD,GPU Compute Saturation + Network Bandwidth Ingress
2026-10-05 17:25:39,4,1080p,nano,30.0,120.0,9.5,13.9,0.46,66.9,96.1,25.3,OVERLOAD,GPU Compute Saturation + Network Bandwidth Ingress
2026-10-05 17:25:42,4,1080p,nano,30.0,120.0,9.9,16.2,0.46,68.3,98.0,23.53,OVERLOAD,GPU Compute Saturation + Network Bandwidth Ingress
2026-10-05 17:25:45,4,1080p,nano,30.0,120.0,8.5,10.6,0.46,65.8,95.0,26.33,OVERLOAD,GPU Compute Saturation + Network Bandwidth Ingress
2026-10-05 17:25:48,4,1080p,nano,30.0,120.0,8.3,10.7,0.46,57.8,94.9,23.4,OVERLOAD,GPU Compute Saturation + Network Bandwidth Ingress
2026-10-05 17:25:50,4,1080p,nano,30.0,120.0,8.6,12.4,0.46,57.3,97.4,24.76,OVERLOAD,GPU Compute Saturation + Network Bandwidth Ingress
2026-10-05 17:25:53,4,1080p,nano,30.0,120.0,8.4,11.6,0.46,55.7,94.8,26.42,OVERLOAD,GPU Compute Saturation + Network Bandwidth Ingress
2026-10-05 17:25:56,4,1080p,nano,30.0,120.0,8.7,11.7,0.46,61.1,96.2,24.02,OVERLOAD,GPU Compute Saturation + Network Bandwidth Ingress
2026-10-05 17:25:59,4,1080p,nano,30.0,120.0,8.1,10.8,0.46,59.8,95.7,23.91,OVERLOAD,GPU Compute Saturation + Network Bandwidth Ingress
2026-10-05 17:26:02,4,1080p,nano,30.0,120.0,7.2,9.8,0.46,64.9,98.1,26.33,OVERLOAD,GPU Compute Saturation + Network Bandwidth Ingress
2026-10-05 17:26:04,4,1080p,nano,30.0,120.0,7.7,10.0,0.46,54.5,97.0,24.47,OVERLOAD,GPU Compute Saturation + Network Bandwidth Ingress
2026-10-05 17:26:07,4,1080p,nano,30.0,120.0,7.9,10.5,0.46,54.9,95.7,23.41,OVERLOAD,GPU Compute Saturation + Network Bandwidth Ingress
2026-10-05 17:26:10,4,1080p,nano,30.0,120.0,7.6,10.2,0.46,58.8,95.9,26.04,OVERLOAD,GPU Compute Saturation + Network Bandwidth Ingress
2026-10-05 17:26:13,4,1080p,nano,30.0,120.0,8.7,12.1,0.46,66.0,94.8,25.53,OVERLOAD,GPU Compute Saturation + Network Bandwidth Ingress
2026-10-05 17:26:16,4,1080p,nano,30.0,120.0,9.6,13.5,0.46,69.3,94.7,23.6,OVERLOAD,GPU Compute Saturation + Network Bandwidth Ingress
2026-10-05 17:26:18,4,1080p,nano,30.0,120.0,8.3,11.4,0.45,52.4,94.8,25.85,OVERLOAD,GPU Compute Saturation + Network Bandwidth Ingress
2026-10-05 17:26:21,4,1080p,nano,30.0,120.0,7.8,10.5,0.45,52.9,96.4,26.2,OVERLOAD,GPU Compute Saturation + Network Bandwidth Ingress
2026-10-05 17:26:24,4,1080p,nano,30.0,120.0,7.5,9.7,0.45,50.9,96.2,24.19,OVERLOAD,GPU Compute Saturation + Network Bandwidth Ingress
2026-10-05 17:26:26,4,1080p,nano,30.0,120.0,8.2,11.3,0.45,56.8,97.3,23.39,OVERLOAD,GPU Compute Saturation + Network Bandwidth Ingress
2026-10-05 17:26:29,4,1080p,nano,30.0,120.0,8.4,11.0,0.45,50.0,96.2,25.69,OVERLOAD,GPU Compute Saturation + Network Bandwidth Ingress
2026-10-05 17:26:31,4,1080p,nano,30.0,120.0,8.1,11.3,0.45,53.5,96.5,26.26,OVERLOAD,GPU Compute Saturation + Network Bandwidth Ingress
2026-10-05 17:26:34,4,1080p,nano,30.0,120.0,7.9,10.9,0.45,48.4,95.0,24.36,OVERLOAD,GPU Compute Saturation + Network Bandwidth Ingress
2026-10-05 17:26:37,4,1080p,nano,30.0,120.0,7.3,9.8,0.45,54.1,97.4,23.24,OVERLOAD,GPU Compute Saturation + Network Bandwidth Ingress
2026-10-05 17:26:39,4,1080p,nano,30.0,120.0,7.2,9.3,0.45,52.6,97.5,24.9,OVERLOAD,GPU Compute Saturation + Network Bandwidth Ingress
2026-10-05 17:26:42,4,1080p,nano,30.0,120.0,7.7,9.8,0.45,53.3,94.5,26.4,OVERLOAD,GPU Compute Saturation + Network Bandwidth Ingress
2026-10-05 17:26:44,4,1080p,nano,30.0,120.0,7.1,9.2,0.45,53.1,95.6,25.35,OVERLOAD,GPU Compute Saturation + Network Bandwidth Ingress
2026-10-05 17:26:47,4,1080p,nano,30.0,120.0,7.4,9.9,0.45,49.7,96.3,23.23,OVERLOAD,GPU Compute Saturation + Network Bandwidth Ingress
2026-10-05 17:26:50,4,1080p,nano,30.0,120.0,7.1,9.1,0.45,53.7,97.1,24.19,OVERLOAD,GPU Compute Saturation + Network Bandwidth Ingress
2026-10-05 17:26:52,4,1080p,nano,30.0,120.0,7.9,10.2,0.45,58.5,95.0,26.3,OVERLOAD,GPU Compute Saturation + Network Bandwidth Ingress
2026-10-05 17:26:55,4,1080p,nano,30.0,120.0,7.0,9.3,0.45,44.0,96.5,25.57,OVERLOAD,GPU Compute Saturation + Network Bandwidth Ingress
2026-10-05 17:26:58,4,1080p,nano,30.0,120.0,6.9,9.4,0.45,49.0,96.6,23.36,OVERLOAD,GPU Compute Saturation + Network Bandwidth Ingress
2026-10-05 17:27:00,4,1080p,nano,30.0,120.0,7.0,9.5,0.45,51.4,97.8,23.92,OVERLOAD,GPU Compute Saturation + Network Bandwidth Ingress
2026-10-05 17:27:03,4,1080p,nano,30.0,120.0,7.4,9.3,0.45,56.0,97.8,26.25,OVERLOAD,GPU Compute Saturation + Network Bandwidth Ingress
2026-10-05 17:27:06,4,1080p,nano,30.0,120.0,7.4,9.3,0.45,49.0,94.6,25.82,OVERLOAD,GPU Compute Saturation + Network Bandwidth Ingress
2026-10-05 17:27:08,4,1080p,nano,30.0,120.0,7.4,9.4,0.45,53.9,95.3,23.38,OVERLOAD,GPU Compute Saturation + Network Bandwidth Ingress
2026-10-05 17:27:11,4,1080p,nano,30.0,120.0,7.8,10.3,0.45,50.4,98.1,23.64,OVERLOAD,GPU Compute Saturation + Network Bandwidth Ingress
2026-10-05 17:27:13,4,1080p,nano,30.0,120.0,8.4,11.2,0.45,59.5,98.3,26.05,OVERLOAD,GPU Compute Saturation + Network Bandwidth Ingress
2026-10-05 17:27:16,4,1080p,nano,30.0,120.0,8.3,11.6,0.45,57.0,98.2,25.74,OVERLOAD,GPU Compute Saturation + Network Bandwidth Ingress
2026-10-05 17:27:19,4,1080p,nano,30.0,120.0,8.2,10.5,0.45,61.4,95.1,23.3,OVERLOAD,GPU Compute Saturation + Network Bandwidth Ingress
2026-10-05 17:27:22,4,1080p,nano,30.0,120.0,7.9,10.6,0.45,62.7,95.0,24.89,OVERLOAD,GPU Compute Saturation + Network Bandwidth Ingress
2026-10-05 17:27:24,4,1080p,nano,30.0,120.0,7.5,9.4,0.44,54.1,97.2,26.41,OVERLOAD,GPU Compute Saturation + Network Bandwidth Ingress
2026-10-05 17:27:27,4,1080p,nano,30.0,120.0,7.6,9.5,0.44,57.0,97.8,24.56,OVERLOAD,GPU Compute Saturation + Network Bandwidth Ingress
2026-10-05 17:27:30,4,1080p,nano,30.0,120.0,7.8,10.8,0.44,56.3,96.3,23.24,OVERLOAD,GPU Compute Saturation + Network Bandwidth Ingress
2026-10-05 17:27:32,4,1080p,nano,30.0,120.0,7.3,9.8,0.44,53.9,96.9,25.1,OVERLOAD,GPU Compute Saturation + Network Bandwidth Ingress
2026-10-05 17:27:35,4,1080p,nano,30.0,120.0,7.7,10.2,0.44,56.1,97.5,26.42,OVERLOAD,GPU Compute Saturation + Network Bandwidth Ingress
2026-10-05 17:27:38,4,1080p,nano,30.0,120.0,9.5,13.2,0.44,73.4,96.2,23.42,OVERLOAD,GPU Compute Saturation + Network Bandwidth Ingress
2026-10-05 17:27:41,4,1080p,nano,30.0,120.0,8.9,12.1,0.44,66.9,97.0,25.58,OVERLOAD,GPU Compute Saturation + Network Bandwidth Ingress
2026-10-05 17:27:44,4,1080p,nano,30.0,120.0,8.2,11.9,0.44,58.2,97.0,25.43,OVERLOAD,GPU Compute Saturation + Network Bandwidth Ingress
2026-10-05 17:27:47,4,1080p,nano,30.0,120.0,8.0,10.8,0.44,58.5,97.9,23.34,OVERLOAD,GPU Compute Saturation + Network Bandwidth Ingress
2026-10-05 17:27:49,4,1080p,nano,30.0,120.0,8.2,11.4,0.44,65.6,97.8,25.24,OVERLOAD,GPU Compute Saturation + Network Bandwidth Ingress
2026-10-05 17:27:52,4,1080p,nano,30.0,120.0,7.6,9.9,0.44,59.1,94.5,26.04,OVERLOAD,GPU Compute Saturation + Network Bandwidth Ingress
2026-10-05 17:27:55,4,1080p,nano,30.0,120.0,8.1,10.9,0.44,62.7,95.7,23.41,OVERLOAD,GPU Compute Saturation + Network Bandwidth Ingress
2026-10-05 17:27:58,4,1080p,nano,30.0,120.0,8.0,10.5,0.44,64.3,96.8,24.93,OVERLOAD,GPU Compute Saturation + Network Bandwidth Ingress
2026-10-05 17:28:01,4,1080p,nano,30.0,120.0,7.9,10.6,0.44,61.4,96.8,26.02,OVERLOAD,GPU Compute Saturation + Network Bandwidth Ingress
2026-10-05 17:28:04,4,1080p,nano,30.0,120.0,7.6,9.5,0.44,56.0,98.3,23.48,OVERLOAD,GPU Compute Saturation + Network Bandwidth Ingress
2026-10-05 17:28:06,4,1080p,nano,30.0,120.0,7.3,9.6,0.44,59.7,97.2,24.53,OVERLOAD,GPU Compute Saturation + Network Bandwidth Ingress
2026-10-05 17:28:09,4,1080p,nano,30.0,120.0,8.7,14.6,0.44,58.7,96.5,26.3,OVERLOAD,GPU Compute Saturation + Network Bandwidth Ingress
2026-10-05 17:28:12,4,1080p,nano,30.0,120.0,7.4,9.4,0.44,54.0,95.2,24.33,OVERLOAD,GPU Compute Saturation + Network Bandwidth Ingress
2026-10-05 17:28:15,4,1080p,nano,30.2,121.0,8.6,12.2,0.44,58.4,96.9,23.65,OVERLOAD,GPU Compute Saturation + Network Bandwidth Ingress
2026-10-05 17:28:17,4,1080p,nano,30.0,120.0,5.3,6.7,0.44,39.0,98.0,26.23,OVERLOAD,GPU Compute Saturation + Network Bandwidth Ingress
2026-10-05 17:28:20,4,1080p,nano,29.8,119.0,13.4,34.0,0.44,69.5,94.8,24.92,OVERLOAD,GPU Compute Saturation + Network Bandwidth Ingress
2026-10-05 17:28:25,4,1080p,nano,30.0,120.0,9.7,12.9,0.44,65.7,96.3,23.71,OVERLOAD,GPU Compute Saturation + Network Bandwidth Ingress
2026-10-05 17:28:29,4,1080p,nano,30.0,120.0,19.9,37.2,0.44,91.9,95.2,23.87,OVERLOAD,GPU Compute Saturation + CPU Decode / Scheduling + Network Bandwidth Ingress
2026-10-05 17:28:33,4,1080p,nano,30.2,121.0,33.2,93.6,0.44,92.8,97.1,23.6,OVERLOAD,GPU Compute Saturation + CPU Decode / Scheduling + Network Bandwidth Ingress
2026-10-05 17:28:37,4,1080p,nano,29.5,118.0,26.9,58.5,0.44,91.1,97.1,23.62,OVERLOAD,GPU Compute Saturation + CPU Decode / Scheduling + Network Bandwidth Ingress
2026-10-05 17:28:40,4,1080p,nano,30.0,120.0,19.9,44.8,0.44,85.7,97.8,24.37,OVERLOAD,GPU Compute Saturation + CPU Decode / Scheduling + Network Bandwidth Ingress
2026-10-05 17:28:44,4,1080p,nano,30.0,120.0,10.4,13.4,0.44,72.2,97.8,25.98,OVERLOAD,GPU Compute Saturation + Network Bandwidth Ingress
2026-10-05 17:28:47,4,1080p,nano,30.0,120.0,11.7,17.5,0.44,78.8,96.3,23.47,OVERLOAD,GPU Compute Saturation + Network Bandwidth Ingress
2026-10-05 17:28:51,4,1080p,nano,27.2,109.0,57.1,122.6,0.45,90.1,97.9,24.78,OVERLOAD,GPU Compute Saturation + CPU Decode / Scheduling + Network Bandwidth Ingress
2026-10-05 17:28:54,4,1080p,nano,30.0,120.0,10.8,15.7,0.45,74.3,94.4,26.13,OVERLOAD,GPU Compute Saturation + Network Bandwidth Ingress
2026-10-05 17:28:57,4,1080p,nano,29.0,116.0,22.9,87.5,0.45,75.5,96.2,23.62,OVERLOAD,GPU Compute Saturation + Network Bandwidth Ingress
2026-10-05 17:29:01,4,1080p,nano,30.0,120.0,10.4,14.2,0.45,66.2,96.0,26.11,OVERLOAD,GPU Compute Saturation + Network Bandwidth Ingress
2026-10-05 17:29:03,4,1080p,nano,30.0,120.0,10.4,14.7,0.45,69.4,96.9,23.58,OVERLOAD,GPU Compute Saturation + Network Bandwidth Ingress
2026-10-05 17:29:06,4,1080p,nano,30.0,120.0,7.0,9.7,0.44,56.1,96.8,25.19,OVERLOAD,GPU Compute Saturation + Network Bandwidth Ingress
2026-10-05 17:29:09,4,1080p,nano,30.0,120.0,7.4,10.4,0.44,55.2,96.1,26.13,OVERLOAD,GPU Compute Saturation + Network Bandwidth Ingress
2026-10-05 17:29:11,4,1080p,nano,30.0,120.0,7.0,8.9,0.44,49.6,95.0,24.9,OVERLOAD,GPU Compute Saturation + Network Bandwidth Ingress
2026-10-05 17:29:14,4,1080p,nano,30.0,120.0,7.1,9.1,0.44,52.0,95.2,23.52,OVERLOAD,GPU Compute Saturation + Network Bandwidth Ingress
2026-10-05 17:29:16,4,1080p,nano,30.0,120.0,6.6,8.2,0.44,48.3,95.0,24.08,OVERLOAD,GPU Compute Saturation + Network Bandwidth Ingress
2026-10-05 17:29:19,4,1080p,nano,30.0,120.0,13.4,47.3,0.44,63.2,97.4,25.79,OVERLOAD,GPU Compute Saturation + Network Bandwidth Ingress
2026-10-05 17:29:22,4,1080p,nano,30.0,120.0,6.9,8.4,0.44,51.4,95.6,25.71,OVERLOAD,GPU Compute Saturation + Network Bandwidth Ingress
2026-10-05 17:29:24,4,1080p,nano,30.0,120.0,7.4,10.1,0.44,61.5,95.8,24.01,OVERLOAD,GPU Compute Saturation + Network Bandwidth Ingress
2026-10-05 17:29:27,4,1080p,nano,30.0,120.0,7.4,10.1,0.44,60.5,96.8,23.85,OVERLOAD,GPU Compute Saturation + Network Bandwidth Ingress
2026-10-05 17:29:29,4,1080p,nano,30.0,120.0,7.3,9.1,0.44,51.0,97.8,25.57,OVERLOAD,GPU Compute Saturation + Network Bandwidth Ingress
2026-10-05 17:29:32,4,1080p,nano,30.0,120.0,6.9,8.7,0.44,55.4,98.1,25.98,OVERLOAD,GPU Compute Saturation + Network Bandwidth Ingress
2026-10-05 17:29:35,4,1080p,nano,30.0,120.0,7.5,9.6,0.44,54.1,98.1,23.96,OVERLOAD,GPU Compute Saturation + Network Bandwidth Ingress
2026-10-05 17:29:37,4,1080p,nano,30.0,120.0,8.4,11.1,0.44,56.4,97.5,23.78,OVERLOAD,GPU Compute Saturation + Network Bandwidth Ingress
2026-10-05 17:29:40,4,1080p,nano,30.0,120.0,7.5,9.6,0.44,50.2,96.9,25.4,OVERLOAD,GPU Compute Saturation + Network Bandwidth Ingress
2026-10-05 17:29:43,4,1080p,nano,30.0,120.0,10.9,28.8,0.44,69.3,97.8,25.51,OVERLOAD,GPU Compute Saturation + Network Bandwidth Ingress
2026-10-05 17:29:46,4,1080p,nano,30.0,120.0,7.6,10.0,0.44,60.9,94.9,23.47,OVERLOAD,GPU Compute Saturation + Network Bandwidth Ingress
2026-10-05 17:29:49,4,1080p,nano,30.0,120.0,7.9,10.3,0.44,61.8,97.2,25.24,OVERLOAD,GPU Compute Saturation + Network Bandwidth Ingress
2026-10-05 17:29:51,4,1080p,nano,30.0,120.0,8.2,10.7,0.44,58.1,96.9,25.7,OVERLOAD,GPU Compute Saturation + Network Bandwidth Ingress
2026-10-05 17:29:54,4,1080p,nano,30.0,120.0,7.9,11.0,0.44,52.0,94.5,23.86,OVERLOAD,GPU Compute Saturation + Network Bandwidth Ingress
2026-10-05 17:29:57,4,1080p,nano,30.0,120.0,7.9,11.1,0.44,53.5,97.9,23.98,OVERLOAD,GPU Compute Saturation + Network Bandwidth Ingress
2026-10-05 17:29:59,4,1080p,nano,30.0,120.0,8.2,11.8,0.44,52.2,97.7,25.83,OVERLOAD,GPU Compute Saturation + Network Bandwidth Ingress
2026-10-05 17:30:02,4,1080p,nano,30.0,120.0,8.4,11.5,0.44,53.5,96.0,25.68,OVERLOAD,GPU Compute Saturation + Network Bandwidth Ingress
2026-10-05 17:30:05,4,1080p,nano,30.0,120.0,8.3,10.8,0.44,52.6,94.7,23.89,OVERLOAD,GPU Compute Saturation + Network Bandwidth Ingress
2026-10-05 17:30:07,4,1080p,nano,30.0,120.0,8.3,11.0,0.44,53.9,96.1,23.78,OVERLOAD,GPU Compute Saturation + Network Bandwidth Ingress
2026-10-05 17:30:10,4,1080p,nano,29.2,117.0,17.8,66.9,0.44,57.3,94.6,25.35,OVERLOAD,GPU Compute Saturation + Network Bandwidth Ingress
2026-10-05 17:30:12,4,1080p,nano,30.0,120.0,8.1,10.3,0.44,52.4,97.2,26.04,OVERLOAD,GPU Compute Saturation + Network Bandwidth Ingress
2026-10-05 17:30:15,4,1080p,nano,30.0,120.0,8.2,10.9,0.44,51.2,96.5,24.25,OVERLOAD,GPU Compute Saturation + Network Bandwidth Ingress
2026-10-05 17:30:18,4,1080p,nano,30.0,120.0,7.9,10.2,0.44,55.0,96.4,23.56,OVERLOAD,GPU Compute Saturation + Network Bandwidth Ingress
2026-10-05 17:30:20,4,1080p,nano,30.0,120.0,8.9,13.0,0.43,50.1,98.3,24.94,OVERLOAD,GPU Compute Saturation + Network Bandwidth Ingress
2026-10-05 17:30:23,4,1080p,nano,30.0,120.0,8.8,11.8,0.43,49.8,97.0,26.12,OVERLOAD,GPU Compute Saturation + Network Bandwidth Ingress
2026-10-05 17:30:25,4,1080p,nano,30.0,120.0,12.6,24.9,0.43,56.4,96.6,24.91,OVERLOAD,GPU Compute Saturation + Network Bandwidth Ingress
2026-10-05 17:30:28,4,1080p,nano,30.0,120.0,10.1,14.5,0.43,54.2,96.9,23.48,OVERLOAD,GPU Compute Saturation + Network Bandwidth Ingress
2026-10-05 17:30:31,4,1080p,nano,30.0,120.0,9.7,12.5,0.43,52.9,98.2,24.37,OVERLOAD,GPU Compute Saturation + Network Bandwidth Ingress
2026-10-05 17:30:34,4,1080p,nano,29.2,117.0,10.5,17.5,0.43,51.4,95.6,26.08,OVERLOAD,GPU Compute Saturation + Network Bandwidth Ingress
2026-10-05 17:30:37,4,1080p,nano,30.8,123.0,9.2,15.3,0.43,62.3,96.2,24.16,OVERLOAD,GPU Compute Saturation + Network Bandwidth Ingress
2026-10-05 17:30:40,4,1080p,nano,30.0,120.0,13.5,36.1,0.43,71.9,96.3,25.03,OVERLOAD,GPU Compute Saturation + Network Bandwidth Ingress
2026-10-05 17:30:41,4,1080p,nano,30.0,120.0,8.8,11.6,0.43,68.0,96.1,24.63,OVERLOAD,GPU Compute Saturation + Network Bandwidth Ingress
2026-10-05 17:30:44,1,1080p,nano,30.0,120.0,9.4,13.1,0.43,72.5,35.9,24.8,HEALTHY,Network Bandwidth Ingress
2026-10-05 17:30:45,1,1080p,nano,30.0,30.0,8.2,11.3,0.48,44.1,37.8,6.39,HEALTHY,None (System Operating within Safe Limits)
2026-10-05 17:30:48,2,1080p,nano,30.0,30.0,8.0,9.4,0.48,26.4,58.7,5.93,HEALTHY,None (System Operating within Safe Limits)
2026-10-05 17:30:50,1,1080p,nano,30.0,60.0,16.0,26.4,0.48,57.8,38.0,12.33,HEALTHY,None (System Operating within Safe Limits)
2026-10-05 17:30:51,1,1080p,nano,30.0,30.0,8.1,9.5,0.48,31.5,38.9,6.53,HEALTHY,None (System Operating within Safe Limits)
2026-10-05 17:30:54,1,1080p,nano,30.0,30.0,7.5,9.4,0.48,24.7,38.3,5.76,HEALTHY,None (System Operating within Safe Limits)
2026-10-05 17:30:56,1,1080p,nano,30.0,30.0,7.7,9.1,0.48,27.5,36.4,6.39,HEALTHY,None (System Operating within Safe Limits)
2026-10-05 17:30:59,1,1080p,nano,30.0,30.0,7.4,9.5,0.48,28.8,39.5,6.82,HEALTHY,None (System Operating within Safe Limits)
2026-10-05 17:31:01,1,1080p,nano,30.0,30.0,7.8,9.6,0.48,26.5,36.0,6.49,HEALTHY,None (System Operating within Safe Limits)
2026-10-05 17:31:04,1,1080p,nano,30.0,30.0,7.5,9.1,0.48,27.7,37.2,5.79,HEALTHY,None (System Operating within Safe Limits)
2026-10-05 17:31:06,1,1080p,nano,30.0,30.0,7.5,9.7,0.48,29.4,36.5,5.6,HEALTHY,None (System Operating within Safe Limits)
2026-10-05 17:31:09,1,1080p,nano,30.0,30.0,7.7,9.1,0.48,27.2,39.0,6.27,HEALTHY,None (System Operating within Safe Limits)
2026-10-05 17:31:12,1,1080p,nano,30.0,30.0,7.7,9.9,0.48,31.2,36.4,6.81,HEALTHY,None (System Operating within Safe Limits)
2026-10-05 17:31:14,1,360p,nano,30.0,30.0,8.4,10.6,0.48,28.5,27.5,6.43,HEALTHY,None (System Operating within Safe Limits)
2026-10-05 17:31:17,1,360p,nano,30.0,30.0,8.5,10.6,0.48,23.0,28.2,0.79,HEALTHY,None (System Operating within Safe Limits)
2026-10-05 17:31:19,1,360p,nano,30.0,30.0,8.8,11.6,0.48,27.8,29.6,0.77,HEALTHY,None (System Operating within Safe Limits)
2026-10-05 17:31:22,1,360p,nano,30.0,30.0,8.4,10.3,0.48,26.4,26.0,0.85,HEALTHY,None (System Operating within Safe Limits)
2026-10-05 17:31:24,1,360p,nano,30.0,30.0,8.5,10.3,0.48,25.5,26.0,0.93,HEALTHY,None (System Operating within Safe Limits)
2026-10-05 17:31:27,4,360p,nano,30.0,30.0,8.6,10.9,0.48,28.0,57.4,0.9,HEALTHY,None (System Operating within Safe Limits)
2026-10-05 17:31:30,4,360p,nano,30.0,120.0,8.2,19.4,0.47,48.7,58.1,3.23,HEALTHY,None (System Operating within Safe Limits)
2026-10-05 17:31:33,4,360p,nano,30.0,120.0,5.3,6.9,0.47,60.9,57.9,3.35,HEALTHY,None (System Operating within Safe Limits)
2026-10-05 17:31:36,4,360p,nano,30.0,120.0,5.8,7.6,0.47,53.1,59.1,3.64,HEALTHY,None (System Operating within Safe Limits)
2026-10-05 17:31:37,4,360p,nano,30.0,120.0,5.4,7.2,0.47,52.7,56.2,3.08,HEALTHY,None (System Operating within Safe Limits)
2026-10-05 17:31:39,4,360p,nano,30.0,120.0,5.2,6.7,0.47,57.2,58.6,3.69,HEALTHY,None (System Operating within Safe Limits)
2026-10-05 17:31:42,4,360p,nano,30.0,120.0,5.1,6.9,0.47,52.4,56.9,3.45,HEALTHY,None (System Operating within Safe Limits)
2026-10-05 17:31:45,4,360p,nano,30.0,120.0,5.3,7.4,0.47,57.2,58.4,3.09,HEALTHY,None (System Operating within Safe Limits)
2026-10-05 17:31:46,4,360p,nano,30.0,120.0,4.8,6.4,0.46,48.8,56.4,3.55,HEALTHY,None (System Operating within Safe Limits)
2026-10-05 17:31:49,4,360p,nano,30.0,120.0,4.7,6.7,0.46,59.3,56.9,3.31,HEALTHY,None (System Operating within Safe Limits)
2026-10-05 17:31:50,4,360p,nano,30.0,120.0,5.1,6.9,0.46,47.0,57.2,3.13,HEALTHY,None (System Operating within Safe Limits)
2026-10-05 17:31:52,4,360p,nano,30.0,120.0,5.1,6.9,0.46,41.5,57.1,3.7,HEALTHY,None (System Operating within Safe Limits)
2026-10-05 17:31:55,4,360p,nano,30.0,120.0,4.9,6.8,0.46,41.7,55.4,3.37,HEALTHY,None (System Operating within Safe Limits)
2026-10-05 17:31:57,4,360p,nano,30.0,120.0,5.3,7.5,0.46,40.1,57.6,3.08,HEALTHY,None (System Operating within Safe Limits)
2026-10-05 17:32:00,4,360p,nano,30.0,120.0,5.3,7.0,0.46,50.9,56.6,3.33,HEALTHY,None (System Operating within Safe Limits)
2026-10-05 17:32:03,4,360p,nano,30.0,120.0,5.9,7.7,0.46,45.9,58.2,3.72,HEALTHY,None (System Operating within Safe Limits)
2026-10-05 17:32:06,4,360p,nano,30.0,120.0,5.8,7.9,0.45,51.4,56.1,3.4,HEALTHY,None (System Operating within Safe Limits)
2026-10-05 17:32:09,4,360p,nano,30.0,120.0,5.2,6.5,0.45,49.6,58.8,3.1,HEALTHY,None (System Operating within Safe Limits)
2026-10-05 17:32:11,4,360p,nano,30.0,120.0,6.3,9.0,0.45,63.1,56.0,3.72,HEALTHY,None (System Operating within Safe Limits)
2026-10-05 17:32:14,4,360p,nano,30.0,120.0,5.9,7.7,0.45,47.1,55.9,3.32,HEALTHY,None (System Operating within Safe Limits)
2026-10-05 17:32:15,4,360p,nano,30.0,120.0,6.7,9.3,0.45,52.4,57.3,3.21,HEALTHY,None (System Operating within Safe Limits)
2026-10-05 17:32:18,4,360p,nano,30.0,120.0,7.1,10.2,0.45,57.1,58.6,3.63,HEALTHY,None (System Operating within Safe Limits)
2026-10-05 17:32:22,4,360p,nano,30.0,120.0,9.8,15.2,0.45,75.7,56.9,3.09,HEALTHY,None (System Operating within Safe Limits)
2026-10-05 17:32:25,4,360p,nano,30.0,120.0,6.2,8.8,0.44,68.1,56.3,3.65,HEALTHY,None (System Operating within Safe Limits)
2026-10-05 17:32:26,4,360p,nano,30.0,120.0,5.4,6.8,0.45,69.3,55.8,3.4,HEALTHY,None (System Operating within Safe Limits)
2026-10-05 17:32:29,4,360p,nano,30.0,120.0,5.5,7.5,0.45,67.0,57.2,3.45,HEALTHY,None (System Operating within Safe Limits)
2026-10-05 17:32:32,4,360p,nano,30.0,120.0,5.4,6.9,0.44,63.2,55.3,3.14,HEALTHY,None (System Operating within Safe Limits)
2026-10-05 17:32:35,4,360p,nano,30.0,120.0,5.3,6.9,0.44,59.2,58.5,3.71,HEALTHY,None (System Operating within Safe Limits)
2026-10-05 17:32:38,4,360p,nano,30.0,120.0,5.0,6.4,0.44,56.3,56.4,3.08,HEALTHY,None (System Operating within Safe Limits)
2026-10-05 17:32:41,4,360p,nano,30.0,120.0,5.1,6.8,0.44,52.2,57.5,3.55,HEALTHY,None (System Operating within Safe Limits)
2026-10-05 17:32:44,4,360p,nano,30.0,120.0,5.3,6.8,0.44,58.9,57.0,3.5,HEALTHY,None (System Operating within Safe Limits)
2026-10-05 17:32:46,4,360p,nano,30.0,120.0,5.8,9.4,0.44,55.1,58.9,3.09,HEALTHY,None (System Operating within Safe Limits)
2026-10-05 17:32:49,4,360p,nano,30.0,120.0,5.5,6.9,0.44,49.9,56.5,3.53,HEALTHY,None (System Operating within Safe Limits)
2026-10-05 17:32:52,4,360p,nano,30.0,120.0,5.1,6.7,0.43,59.3,57.7,3.54,HEALTHY,None (System Operating within Safe Limits)
2026-10-05 17:32:55,4,360p,nano,30.0,120.0,5.8,7.8,0.43,57.6,55.9,3.1,HEALTHY,None (System Operating within Safe Limits)
2026-10-05 17:32:58,4,360p,nano,30.0,120.0,5.7,7.5,0.43,50.7,57.3,3.64,HEALTHY,None (System Operating within Safe Limits)
2026-10-05 17:33:00,4,360p,nano,30.0,120.0,5.4,7.2,0.43,45.4,57.0,3.56,HEALTHY,None (System Operating within Safe Limits)
2026-10-05 17:33:03,4,360p,nano,30.0,120.0,5.3,7.1,0.43,48.5,55.6,3.11,HEALTHY,None (System Operating within Safe Limits)
2026-10-05 17:33:06,4,360p,nano,30.0,120.0,5.0,6.5,0.43,46.3,58.7,3.19,HEALTHY,None (System Operating within Safe Limits)
2026-10-05 17:33:08,4,360p,nano,30.0,120.0,5.1,6.5,0.43,44.6,57.8,3.62,HEALTHY,None (System Operating within Safe Limits)
2026-10-05 17:33:11,4,360p,nano,30.0,120.0,5.7,7.7,0.43,43.7,58.0,3.62,HEALTHY,None (System Operating within Safe Limits)
2026-10-05 17:33:13,4,360p,nano,30.0,120.0,6.0,7.8,0.42,41.1,56.9,3.22,HEALTHY,None (System Operating within Safe Limits)
2026-10-05 17:33:16,4,360p,nano,30.0,120.0,6.0,8.1,0.42,45.1,57.5,3.09,HEALTHY,None (System Operating within Safe Limits)
2026-10-05 17:33:19,4,360p,nano,30.0,120.0,6.4,8.9,0.42,48.8,56.0,3.43,HEALTHY,None (System Operating within Safe Limits)
2026-10-05 17:33:21,4,360p,nano,30.0,120.0,6.0,8.2,0.42,37.3,57.7,3.72,HEALTHY,None (System Operating within Safe Limits)
2026-10-05 17:33:24,4,360p,nano,30.0,120.0,6.1,8.8,0.42,45.7,56.2,3.54,HEALTHY,None (System Operating within Safe Limits)
2026-10-05 17:33:26,4,360p,nano,30.0,120.0,5.7,7.5,0.42,41.8,55.3,3.11,HEALTHY,None (System Operating within Safe Limits)
2026-10-05 17:33:29,4,360p,nano,30.0,120.0,6.0,8.5,0.42,40.2,58.8,3.16,HEALTHY,None (System Operating within Safe Limits)
2026-10-05 17:33:31,4,360p,nano,30.0,120.0,6.1,7.8,0.42,39.1,57.8,3.51,HEALTHY,None (System Operating within Safe Limits)
2026-10-05 17:33:34,4,360p,nano,30.0,120.0,5.8,7.6,0.41,42.3,57.2,3.72,HEALTHY,None (System Operating within Safe Limits)
2026-10-05 17:33:37,4,360p,nano,30.0,120.0,5.7,7.5,0.41,43.6,56.5,3.39,HEALTHY,None (System Operating within Safe Limits)
2026-10-05 17:33:39,4,360p,nano,30.0,120.0,5.7,7.6,0.41,41.8,55.5,3.08,HEALTHY,None (System Operating within Safe Limits)
2026-10-05 17:33:42,4,360p,nano,30.0,120.0,6.0,8.2,0.41,43.4,57.9,3.23,HEALTHY,None (System Operating within Safe Limits)
2026-10-05 17:33:44,4,360p,nano,30.0,120.0,5.6,7.5,0.41,43.6,56.9,3.61,HEALTHY,None (System Operating within Safe Limits)
2026-10-05 17:33:47,4,360p,nano,30.0,120.0,5.3,7.3,0.41,35.0,57.1,3.7,HEALTHY,None (System Operating within Safe Limits)
2026-10-05 17:33:49,4,360p,nano,30.0,120.0,5.8,8.0,0.41,45.6,55.3,3.4,HEALTHY,None (System Operating within Safe Limits)
2026-10-05 17:33:52,4,360p,nano,30.0,120.0,6.0,8.1,0.41,38.0,57.4,3.09,HEALTHY,None (System Operating within Safe Limits)
2026-10-05 17:33:54,4,360p,nano,30.0,120.0,6.6,9.3,0.41,40.6,57.7,3.16,HEALTHY,None (System Operating within Safe Limits)
2026-10-05 17:33:57,4,360p,nano,30.0,120.0,7.2,9.6,0.4,38.9,58.0,3.54,HEALTHY,None (System Operating within Safe Limits)
2026-10-05 17:34:00,4,360p,nano,30.0,120.0,7.0,10.6,0.4,44.6,56.9,3.71,HEALTHY,None (System Operating within Safe Limits)
2026-10-05 17:34:02,4,360p,nano,30.0,120.0,6.2,8.3,0.4,39.6,57.4,3.45,HEALTHY,None (System Operating within Safe Limits)
2026-10-05 17:34:05,4,360p,nano,30.0,120.0,6.0,8.5,0.4,40.3,56.9,3.12,HEALTHY,None (System Operating within Safe Limits)
2026-10-05 17:34:07,4,360p,nano,30.0,120.0,5.7,7.6,0.4,41.6,58.6,3.16,HEALTHY,None (System Operating within Safe Limits)
2026-10-05 17:34:10,4,360p,nano,30.0,120.0,5.5,7.6,0.4,43.1,58.6,3.56,HEALTHY,None (System Operating within Safe Limits)
2026-10-05 17:34:12,4,360p,nano,30.0,120.0,6.1,8.5,0.4,40.1,59.0,3.71,HEALTHY,None (System Operating within Safe Limits)
2026-10-05 17:34:15,4,360p,nano,30.0,120.0,6.0,8.0,0.4,42.6,57.8,3.46,HEALTHY,None (System Operating within Safe Limits)
2026-10-05 17:34:18,4,360p,nano,30.0,120.0,6.2,8.1,0.4,45.9,58.5,3.08,HEALTHY,None (System Operating within Safe Limits)
2026-10-05 17:34:20,4,360p,nano,30.0,120.0,7.0,10.1,0.4,42.3,58.3,3.26,HEALTHY,None (System Operating within Safe Limits)
2026-10-05 17:34:23,4,360p,nano,30.0,120.0,6.8,9.5,0.39,38.7,58.3,3.65,HEALTHY,None (System Operating within Safe Limits)
2026-10-05 17:34:25,4,360p,nano,30.0,120.0,5.4,8.1,0.39,46.8,57.0,3.64,HEALTHY,None (System Operating within Safe Limits)
2026-10-05 17:34:28,4,360p,nano,30.0,120.0,4.0,5.0,0.39,35.3,57.6,3.14,HEALTHY,None (System Operating within Safe Limits)
2026-10-05 17:34:31,4,360p,nano,30.0,120.0,4.1,5.3,0.39,31.7,56.8,3.14,HEALTHY,None (System Operating within Safe Limits)
2026-10-05 17:34:33,4,360p,nano,30.0,120.0,4.4,5.9,0.39,35.8,56.3,3.57,HEALTHY,None (System Operating within Safe Limits)
2026-10-05 17:34:36,4,360p,nano,30.0,120.0,4.3,5.6,0.39,39.7,58.1,3.58,HEALTHY,None (System Operating within Safe Limits)
2026-10-05 17:34:39,4,360p,nano,30.0,120.0,4.1,5.8,0.39,31.5,59.0,3.12,HEALTHY,None (System Operating within Safe Limits)
2026-10-05 17:34:41,4,360p,nano,30.0,120.0,3.4,4.6,0.39,36.8,58.5,3.21,HEALTHY,None (System Operating within Safe Limits)
2026-10-05 17:34:44,4,360p,nano,30.0,120.0,3.3,4.5,0.39,35.9,58.1,3.72,HEALTHY,None (System Operating within Safe Limits)
2026-10-05 17:34:47,4,360p,nano,30.0,120.0,3.5,4.5,0.38,44.0,57.1,3.3,HEALTHY,None (System Operating within Safe Limits)
2026-10-05 17:34:50,4,360p,nano,30.0,120.0,3.8,4.9,0.38,28.0,58.5,3.09,HEALTHY,None (System Operating within Safe Limits)
2026-10-05 17:34:52,4,360p,nano,30.0,120.0,4.3,5.9,0.38,39.6,55.5,3.53,HEALTHY,None (System Operating within Safe Limits)
2026-10-05 17:34:55,4,360p,nano,30.0,120.0,3.9,4.8,0.38,26.0,57.9,3.71,HEALTHY,None (System Operating within Safe Limits)
2026-10-05 17:34:57,4,360p,nano,30.0,120.0,3.9,5.1,0.38,32.1,56.5,3.34,HEALTHY,None (System Operating within Safe Limits)
2026-10-05 17:35:00,4,360p,nano,30.0,120.0,4.2,5.7,0.38,28.5,58.1,3.08,HEALTHY,None (System Operating within Safe Limits)
2026-10-05 17:35:03,4,360p,nano,30.0,120.0,4.6,6.0,0.38,31.0,58.1,3.37,HEALTHY,None (System Operating within Safe Limits)
2026-10-05 17:35:05,4,360p,nano,30.0,120.0,4.5,5.9,0.38,31.2,56.1,3.72,HEALTHY,None (System Operating within Safe Limits)
2026-10-05 17:35:08,4,360p,nano,30.0,120.0,4.8,7.0,0.38,33.2,58.3,3.5,HEALTHY,None (System Operating within Safe Limits)
2026-10-05 17:35:11,4,360p,nano,30.0,120.0,4.2,5.9,0.38,27.7,57.6,3.13,HEALTHY,None (System Operating within Safe Limits)
2026-10-05 17:35:13,4,360p,nano,30.0,120.0,4.2,5.9,0.37,29.7,59.0,3.26,HEALTHY,None (System Operating within Safe Limits)
2026-10-05 17:35:16,4,360p,nano,30.0,120.0,4.5,6.3,0.37,34.2,55.2,3.68,HEALTHY,None (System Operating within Safe Limits)
2026-10-05 17:35:18,4,360p,nano,30.0,120.0,4.0,4.9,0.37,29.0,57.4,3.54,HEALTHY,None (System Operating within Safe Limits)
2026-10-05 17:35:21,4,360p,nano,30.0,120.0,4.0,5.2,0.37,30.8,56.5,3.15,HEALTHY,None (System Operating within Safe Limits)
2026-10-05 17:35:24,4,360p,nano,30.0,120.0,3.9,4.9,0.37,25.2,57.6,3.15,HEALTHY,None (System Operating within Safe Limits)
2026-10-05 17:35:26,4,360p,nano,30.0,120.0,4.1,5.4,0.37,31.2,58.6,3.56,HEALTHY,None (System Operating within Safe Limits)
2026-10-05 17:35:29,4,360p,nano,30.0,120.0,4.2,6.3,0.37,29.5,56.4,3.7,HEALTHY,None (System Operating within Safe Limits)
2026-10-05 17:35:32,4,360p,nano,30.0,120.0,4.3,5.5,0.37,33.0,57.1,3.26,HEALTHY,None (System Operating within Safe Limits)
2026-10-05 17:35:34,4,360p,nano,30.0,120.0,4.0,5.0,0.37,26.4,57.8,3.09,HEALTHY,None (System Operating within Safe Limits)
2026-10-05 17:35:37,4,360p,nano,30.0,120.0,4.0,5.2,0.37,28.8,58.1,3.41,HEALTHY,None (System Operating within Safe Limits)
2026-10-05 17:35:39,4,360p,nano,30.0,120.0,4.3,6.0,0.37,30.8,59.0,3.72,HEALTHY,None (System Operating within Safe Limits)
2026-10-05 17:35:42,4,360p,nano,30.0,120.0,5.3,7.0,0.36,28.7,57.2,3.48,HEALTHY,None (System Operating within Safe Limits)
2026-10-05 17:35:44,4,360p,nano,30.0,120.0,5.2,6.6,0.36,31.0,56.2,3.1,HEALTHY,None (System Operating within Safe Limits)
2026-10-05 17:35:47,4,360p,nano,30.0,120.0,5.5,7.5,0.36,34.4,56.4,3.19,HEALTHY,None (System Operating within Safe Limits)
2026-10-05 17:35:50,4,360p,nano,30.0,120.0,4.9,6.6,0.36,32.9,55.3,3.63,HEALTHY,None (System Operating within Safe Limits)
2026-10-05 17:35:52,4,360p,nano,30.0,120.0,4.9,6.8,0.36,33.1,56.7,3.68,HEALTHY,None (System Operating within Safe Limits)
2026-10-05 17:35:55,4,360p,nano,30.0,120.0,4.2,5.9,0.36,31.0,56.4,3.23,HEALTHY,None (System Operating within Safe Limits)
2026-10-05 17:35:58,4,360p,nano,30.0,120.0,3.9,5.5,0.36,29.7,57.8,3.1,HEALTHY,None (System Operating within Safe Limits)
2026-10-05 17:36:00,4,360p,nano,30.0,120.0,4.3,5.4,0.36,27.8,55.3,3.52,HEALTHY,None (System Operating within Safe Limits)
2026-10-05 17:36:03,4,360p,nano,30.0,120.0,4.2,5.3,0.36,29.3,57.1,3.72,HEALTHY,None (System Operating within Safe Limits)
2026-10-05 17:36:05,4,360p,nano,30.0,120.0,4.4,6.1,0.36,31.0,56.1,3.41,HEALTHY,None (System Operating within Safe Limits)
2026-10-05 17:36:08,4,360p,nano,30.0,120.0,4.5,6.0,0.36,34.0,56.5,3.08,HEALTHY,None (System Operating within Safe Limits)
2026-10-05 17:36:11,4,360p,nano,30.0,120.0,4.9,6.5,0.35,28.6,57.6,3.27,HEALTHY,None (System Operating within Safe Limits)
2026-10-05 17:36:13,4,360p,nano,30.0,120.0,4.9,6.5,0.35,32.2,57.6,3.67,HEALTHY,None (System Operating within Safe Limits)
2026-10-05 17:36:16,4,360p,nano,30.0,120.0,4.4,5.6,0.35,28.1,55.3,3.63,HEALTHY,None (System Operating within Safe Limits)
2026-10-05 17:36:18,4,360p,nano,30.0,120.0,4.9,6.8,0.35,31.8,55.7,3.25,HEALTHY,None (System Operating within Safe Limits)
2026-10-05 17:36:21,4,360p,nano,30.0,120.0,4.4,5.8,0.35,31.4,57.6,3.09,HEALTHY,None (System Operating within Safe Limits)
2026-10-05 17:36:23,4,360p,nano,30.0,120.0,4.8,6.3,0.35,31.4,59.0,3.39,HEALTHY,None (System Operating within Safe Limits)
2026-10-05 17:36:26,4,360p,nano,30.0,120.0,5.0,6.4,0.35,31.1,56.9,3.72,HEALTHY,None (System Operating within Safe Limits)
2026-10-05 17:36:29,4,360p,nano,30.0,120.0,5.0,6.6,0.35,29.2,58.5,3.49,HEALTHY,None (System Operating within Safe Limits)
2026-10-05 17:36:31,4,360p,nano,30.0,120.0,5.1,7.0,0.35,27.7,56.1,3.1,HEALTHY,None (System Operating within Safe Limits)
2026-10-05 17:36:34,4,360p,nano,30.0,120.0,4.6,6.7,0.35,32.7,55.9,3.23,HEALTHY,None (System Operating within Safe Limits)
2026-10-05 17:36:36,4,360p,nano,30.0,120.0,4.0,5.4,0.35,27.8,59.1,3.69,HEALTHY,None (System Operating within Safe Limits)
2026-10-05 17:36:39,4,360p,nano,30.0,120.0,5.2,7.2,0.35,33.7,56.8,3.63,HEALTHY,None (System Operating within Safe Limits)
2026-10-05 17:36:42,4,360p,nano,30.0,120.0,4.1,5.3,0.34,29.6,56.7,3.22,HEALTHY,None (System Operating within Safe Limits)
2026-10-05 17:36:44,4,360p,nano,30.0,120.0,4.9,6.4,0.34,32.0,59.2,3.09,HEALTHY,None (System Operating within Safe Limits)
2026-10-05 17:36:47,4,360p,nano,30.0,120.0,4.8,6.1,0.34,28.6,57.5,3.43,HEALTHY,None (System Operating within Safe Limits)
2026-10-05 17:36:50,4,360p,nano,30.0,120.0,4.4,6.1,0.34,30.5,58.3,3.72,HEALTHY,None (System Operating within Safe Limits)
2026-10-05 17:36:52,4,360p,nano,30.0,120.0,4.6,5.8,0.34,29.7,58.2,3.34,HEALTHY,None (System Operating within Safe Limits)
2026-10-05 17:36:55,4,360p,nano,30.0,120.0,4.8,6.6,0.34,34.1,55.4,3.11,HEALTHY,None (System Operating within Safe Limits)
2026-10-05 17:36:58,4,360p,nano,30.0,120.0,5.2,7.5,0.34,41.2,58.6,3.62,HEALTHY,None (System Operating within Safe Limits)
2026-10-05 17:37:01,4,360p,nano,30.0,120.0,5.2,7.4,0.34,46.2,55.4,3.38,HEALTHY,None (System Operating within Safe Limits)
2026-10-05 17:37:04,4,360p,nano,30.0,120.0,4.6,5.8,0.34,33.5,56.4,3.11,HEALTHY,None (System Operating within Safe Limits)
2026-10-05 17:37:06,4,360p,nano,30.0,120.0,4.5,6.2,0.34,38.2,56.0,3.64,HEALTHY,None (System Operating within Safe Limits)
2026-10-05 17:37:09,4,360p,nano,30.0,120.0,4.4,5.7,0.34,34.5,58.3,3.54,HEALTHY,None (System Operating within Safe Limits)
2026-10-05 17:37:12,4,360p,nano,30.0,120.0,4.4,6.2,0.34,41.0,57.1,3.11,HEALTHY,None (System Operating within Safe Limits)
2026-10-05 17:37:15,4,360p,nano,30.0,120.0,4.5,5.9,0.33,42.7,56.0,3.64,HEALTHY,None (System Operating within Safe Limits)
2026-10-05 17:37:18,4,360p,nano,30.0,120.0,5.1,7.5,0.33,60.4,58.9,3.28,HEALTHY,None (System Operating within Safe Limits)
2026-10-05 17:37:21,4,360p,nano,30.0,120.0,4.3,5.5,0.33,49.8,58.2,3.46,HEALTHY,None (System Operating within Safe Limits)
2026-10-05 17:37:24,4,360p,nano,30.0,120.0,3.4,4.6,0.33,38.4,57.0,3.64,HEALTHY,None (System Operating within Safe Limits)
2026-10-05 17:37:26,4,360p,nano,30.0,120.0,3.5,4.6,0.33,29.1,55.5,3.25,HEALTHY,None (System Operating within Safe Limits)
2026-10-05 17:37:29,4,360p,nano,30.0,120.0,3.9,4.8,0.33,25.6,58.7,3.09,HEALTHY,None (System Operating within Safe Limits)
2026-10-05 17:37:31,4,360p,nano,30.0,120.0,4.4,6.0,0.33,31.3,56.6,3.33,HEALTHY,None (System Operating within Safe Limits)
2026-10-05 17:37:34,4,360p,nano,30.0,120.0,4.1,4.8,0.33,28.1,58.8,3.67,HEALTHY,None (System Operating within Safe Limits)
2026-10-05 17:37:36,4,360p,nano,30.0,120.0,4.3,5.9,0.33,36.5,57.0,3.65,HEALTHY,None (System Operating within Safe Limits)
2026-10-05 17:37:39,4,360p,nano,30.0,120.0,4.1,5.2,0.33,26.9,58.9,3.22,HEALTHY,None (System Operating within Safe Limits)
2026-10-05 17:37:42,4,360p,nano,30.0,120.0,4.2,5.7,0.33,28.9,56.7,3.1,HEALTHY,None (System Operating within Safe Limits)
2026-10-05 17:37:44,4,360p,nano,30.0,120.0,4.2,5.3,0.33,31.6,59.2,3.45,HEALTHY,None (System Operating within Safe Limits)
2026-10-05 17:37:47,4,360p,nano,30.0,120.0,4.7,7.2,0.33,37.4,56.8,3.72,HEALTHY,None (System Operating within Safe Limits)
2026-10-05 17:37:49,4,360p,nano,30.0,120.0,6.3,9.1,0.32,40.9,57.0,3.54,HEALTHY,None (System Operating within Safe Limits)
2026-10-05 17:37:52,4,360p,nano,30.0,120.0,5.7,7.4,0.32,44.0,55.8,3.08,HEALTHY,None (System Operating within Safe Limits)
2026-10-05 17:37:55,4,360p,nano,30.0,120.0,5.5,7.6,0.32,44.7,59.1,3.37,HEALTHY,None (System Operating within Safe Limits)
2026-10-05 17:37:57,4,360p,nano,30.0,120.0,5.8,7.8,0.32,43.7,56.2,3.72,HEALTHY,None (System Operating within Safe Limits)
2026-10-05 17:38:00,4,360p,nano,30.0,120.0,5.7,7.9,0.32,42.5,55.6,3.44,HEALTHY,None (System Operating within Safe Limits)
2026-10-05 17:38:03,4,360p,nano,30.0,120.0,4.2,6.8,0.32,41.1,56.9,3.09,HEALTHY,None (System Operating within Safe Limits)
2026-10-05 17:38:05,4,360p,nano,30.0,120.0,3.1,3.9,0.32,27.8,57.3,3.19,HEALTHY,None (System Operating within Safe Limits)
2026-10-05 17:38:08,4,360p,nano,30.0,120.0,3.7,5.6,0.32,37.1,58.1,3.6,HEALTHY,None (System Operating within Safe Limits)
2026-10-05 17:38:10,4,360p,nano,30.0,120.0,3.5,4.9,0.32,34.1,55.7,3.67,HEALTHY,None (System Operating within Safe Limits)
2026-10-05 17:38:13,4,360p,nano,30.0,120.0,3.9,5.9,0.32,40.4,57.0,3.16,HEALTHY,None (System Operating within Safe Limits)
2026-10-05 17:38:16,4,360p,nano,30.0,120.0,3.6,4.8,0.32,30.0,59.2,3.15,HEALTHY,None (System Operating within Safe Limits)
2026-10-05 17:38:18,4,360p,nano,30.0,120.0,3.8,5.0,0.32,30.6,57.4,3.54,HEALTHY,None (System Operating within Safe Limits)
2026-10-05 17:38:21,4,360p,nano,30.0,120.0,4.7,6.1,0.32,30.4,55.2,3.71,HEALTHY,None (System Operating within Safe Limits)
2026-10-05 17:38:23,4,360p,nano,30.0,120.0,3.9,5.6,0.32,34.9,56.4,3.48,HEALTHY,None (System Operating within Safe Limits)
2026-10-05 17:38:26,4,360p,nano,30.0,120.0,3.5,4.6,0.32,30.6,57.4,3.08,HEALTHY,None (System Operating within Safe Limits)
2026-10-05 17:38:29,4,360p,nano,30.0,120.0,3.6,4.6,0.31,33.3,56.3,3.25,HEALTHY,None (System Operating within Safe Limits)
2026-10-05 17:38:31,4,360p,nano,30.0,120.0,3.5,4.6,0.31,27.5,55.3,3.64,HEALTHY,None (System Operating within Safe Limits)
2026-10-05 17:38:34,4,360p,nano,30.0,120.0,5.4,8.4,0.31,34.5,56.6,3.65,HEALTHY,None (System Operating within Safe Limits)
2026-10-05 17:38:36,4,360p,nano,30.0,120.0,5.6,7.3,0.31,31.7,58.3,3.29,HEALTHY,None (System Operating within Safe Limits)
2026-10-05 17:38:39,4,360p,nano,30.0,120.0,5.8,8.2,0.31,31.2,56.4,3.09,HEALTHY,None (System Operating within Safe Limits)
2026-10-05 17:38:41,4,360p,nano,30.0,120.0,5.4,6.8,0.31,35.6,55.6,3.35,HEALTHY,None (System Operating within Safe Limits)
2026-10-05 17:38:44,4,360p,nano,30.0,120.0,5.7,7.8,0.31,38.4,55.7,3.7,HEALTHY,None (System Operating within Safe Limits)
2026-10-05 17:38:47,4,360p,nano,30.0,120.0,5.3,6.7,0.31,30.0,58.4,3.55,HEALTHY,None (System Operating within Safe Limits)
2026-10-05 17:38:49,4,360p,nano,30.0,120.0,5.7,8.7,0.31,37.6,55.8,3.18,HEALTHY,None (System Operating within Safe Limits)
2026-10-05 17:38:52,4,360p,nano,30.0,120.0,4.6,5.9,0.31,31.1,57.8,3.13,HEALTHY,None (System Operating within Safe Limits)
2026-10-05 17:38:54,4,360p,nano,30.0,120.0,4.3,6.0,0.31,29.7,58.3,3.5,HEALTHY,None (System Operating within Safe Limits)
2026-10-05 17:38:57,4,360p,nano,30.0,120.0,4.3,5.5,0.31,27.4,58.5,3.72,HEALTHY,None (System Operating within Safe Limits)
2026-10-05 17:38:59,4,360p,nano,30.0,120.0,4.3,6.1,0.31,34.2,57.2,3.49,HEALTHY,None (System Operating within Safe Limits)
2026-10-05 17:39:02,4,360p,nano,30.0,120.0,3.4,4.4,0.31,29.5,55.6,3.1,HEALTHY,None (System Operating within Safe Limits)
2026-10-05 17:39:05,4,360p,nano,30.0,120.0,3.3,4.3,0.31,31.2,58.7,3.22,HEALTHY,None (System Operating within Safe Limits)
2026-10-05 17:39:07,4,360p,nano,30.0,120.0,3.7,4.8,0.3,27.2,56.0,3.61,HEALTHY,None (System Operating within Safe Limits)
2026-10-05 17:39:10,4,360p,nano,30.0,120.0,4.0,5.1,0.3,28.9,56.8,3.7,HEALTHY,None (System Operating within Safe Limits)
2026-10-05 17:39:12,4,360p,nano,30.0,120.0,4.0,5.4,0.3,32.7,57.7,3.36,HEALTHY,None (System Operating within Safe Limits)
2026-10-05 17:39:15,4,360p,nano,30.0,120.0,5.7,7.7,0.3,34.7,56.6,3.09,HEALTHY,None (System Operating within Safe Limits)
2026-10-05 17:39:17,4,360p,nano,30.0,120.0,5.3,6.5,0.3,26.9,59.0,3.36,HEALTHY,None (System Operating within Safe Limits)
2026-10-05 17:39:20,4,360p,nano,30.0,120.0,5.5,7.0,0.3,31.0,58.4,3.69,HEALTHY,None (System Operating within Safe Limits)
2026-10-05 17:39:23,4,360p,nano,30.0,120.0,5.5,7.6,0.3,31.2,58.3,3.58,HEALTHY,None (System Operating within Safe Limits)
2026-10-05 17:39:25,4,360p,nano,30.0,120.0,6.1,8.6,0.3,34.5,57.6,3.19,HEALTHY,None (System Operating within Safe Limits)
2026-10-05 17:39:28,4,360p,nano,30.0,120.0,5.4,7.0,0.3,27.5,58.5,3.13,HEALTHY,None (System Operating within Safe Limits)
2026-10-05 17:39:30,4,360p,nano,30.0,120.0,5.4,7.0,0.3,29.9,56.3,3.5,HEALTHY,None (System Operating within Safe Limits)
2026-10-05 17:39:33,4,360p,nano,30.0,120.0,5.6,7.8,0.3,31.4,57.4,3.72,HEALTHY,None (System Operating within Safe Limits)
2026-10-05 17:39:36,4,360p,nano,30.0,120.0,6.4,9.4,0.3,42.8,55.8,3.38,HEALTHY,None (System Operating within Safe Limits)
2026-10-05 17:39:38,4,360p,nano,30.0,120.0,5.8,7.3,0.3,45.1,59.1,3.1,HEALTHY,None (System Operating within Safe Limits)
2026-10-05 17:39:41,4,360p,nano,30.0,120.0,6.2,9.4,0.3,51.9,55.6,3.43,HEALTHY,None (System Operating within Safe Limits)
2026-10-05 17:39:44,4,360p,nano,30.0,120.0,5.2,6.6,0.3,46.9,55.4,3.7,HEALTHY,None (System Operating within Safe Limits)
2026-10-05 17:39:47,4,360p,nano,30.0,120.0,5.4,6.9,0.3,52.8,56.7,3.19,HEALTHY,None (System Operating within Safe Limits)
2026-10-05 17:39:50,4,360p,nano,30.0,120.0,5.3,7.2,0.29,63.8,56.4,3.4,HEALTHY,None (System Operating within Safe Limits)
2026-10-05 17:39:52,4,360p,nano,30.0,120.0,5.3,6.9,0.29,52.2,57.1,3.62,HEALTHY,None (System Operating within Safe Limits)
2026-10-05 17:39:55,4,360p,nano,30.0,120.0,4.3,6.7,0.29,44.8,55.5,3.14,HEALTHY,None (System Operating within Safe Limits)
2026-10-05 17:39:58,4,360p,nano,30.0,120.0,3.7,4.8,0.29,36.9,57.8,3.28,HEALTHY,None (System Operating within Safe Limits)
2026-10-05 17:40:01,4,360p,nano,30.0,120.0,4.7,6.3,0.29,53.3,57.2,3.7,HEALTHY,None (System Operating within Safe Limits)
2026-10-05 17:40:03,4,360p,nano,30.0,120.0,4.7,6.8,0.29,39.8,58.3,3.21,HEALTHY,None (System Operating within Safe Limits)
2026-10-05 17:40:06,4,360p,nano,30.0,120.0,4.9,6.8,0.29,45.6,56.1,3.11,HEALTHY,None (System Operating within Safe Limits)
2026-10-05 17:40:09,4,360p,nano,30.0,120.0,4.3,6.6,0.29,34.4,56.9,3.55,HEALTHY,None (System Operating within Safe Limits)
2026-10-05 17:40:12,4,360p,nano,30.8,123.0,8.9,27.8,0.29,57.5,57.9,3.58,HEALTHY,None (System Operating within Safe Limits)
2026-10-05 17:40:14,4,360p,nano,30.0,120.0,4.5,6.1,0.29,33.7,55.9,3.1,HEALTHY,None (System Operating within Safe Limits)
2026-10-05 17:40:17,4,360p,nano,30.0,120.0,4.4,6.0,0.29,35.9,55.4,3.31,HEALTHY,None (System Operating within Safe Limits)
2026-10-05 17:40:20,4,360p,nano,30.0,120.0,4.6,5.8,0.29,32.7,57.3,3.72,HEALTHY,None (System Operating within Safe Limits)
2026-10-05 17:40:22,4,360p,nano,30.0,120.0,4.3,5.6,0.29,32.6,57.1,3.5,HEALTHY,None (System Operating within Safe Limits)
2026-10-05 17:40:25,4,360p,nano,30.0,120.0,3.7,4.7,0.29,32.2,58.1,3.08,HEALTHY,None (System Operating within Safe Limits)
2026-10-05 17:40:28,4,360p,nano,30.0,120.0,4.9,6.8,0.29,39.9,55.8,3.39,HEALTHY,None (System Operating within Safe Limits)
2026-10-05 17:40:30,4,360p,nano,30.0,120.0,4.8,6.3,0.29,32.1,57.9,3.72,HEALTHY,None (System Operating within Safe Limits)
2026-10-05 17:40:33,4,360p,nano,30.0,120.0,4.7,7.5,0.29,34.5,57.5,3.46,HEALTHY,None (System Operating within Safe Limits)
2026-10-05 17:40:35,4,360p,nano,30.0,120.0,4.2,5.2,0.28,24.6,57.8,3.11,HEALTHY,None (System Operating within Safe Limits)
2026-10-05 17:40:38,4,360p,nano,30.0,120.0,4.7,6.0,0.28,27.3,56.8,3.18,HEALTHY,None (System Operating within Safe Limits)
2026-10-05 17:40:41,4,360p,nano,30.0,120.0,4.9,6.9,0.28,36.4,58.6,3.64,HEALTHY,None (System Operating within Safe Limits)
2026-10-05 17:40:43,4,360p,nano,30.0,120.0,5.1,6.7,0.28,35.7,59.0,3.67,HEALTHY,None (System Operating within Safe Limits)
2026-10-05 17:40:46,4,360p,nano,30.0,120.0,5.0,6.8,0.28,30.2,57.4,3.27,HEALTHY,None (System Operating within Safe Limits)
2026-10-05 17:40:49,4,360p,nano,30.0,120.0,5.0,7.2,0.28,34.5,58.7,3.09,HEALTHY,None (System Operating within Safe Limits)
2026-10-05 17:40:51,4,360p,nano,30.0,120.0,4.4,6.2,0.28,38.8,59.1,3.53,HEALTHY,None (System Operating within Safe Limits)
2026-10-05 17:40:54,4,360p,nano,30.0,120.0,3.7,4.8,0.28,33.7,57.9,3.7,HEALTHY,None (System Operating within Safe Limits)
2026-10-05 17:40:57,4,360p,nano,30.0,120.0,4.1,5.2,0.28,32.4,55.6,3.35,HEALTHY,None (System Operating within Safe Limits)
2026-10-05 17:40:59,4,360p,nano,30.0,120.0,4.1,5.9,0.28,36.2,55.5,3.12,HEALTHY,None (System Operating within Safe Limits)
2026-10-05 17:41:02,4,360p,nano,30.0,120.0,4.2,5.7,0.28,30.3,55.5,3.53,HEALTHY,None (System Operating within Safe Limits)
2026-10-05 17:41:04,4,360p,nano,30.0,120.0,4.2,6.8,0.28,39.7,57.8,3.68,HEALTHY,None (System Operating within Safe Limits)
2026-10-05 17:41:07,4,360p,nano,30.0,120.0,3.5,4.5,0.28,28.8,57.5,3.28,HEALTHY,None (System Operating within Safe Limits)
2026-10-05 17:41:10,4,360p,nano,30.0,120.0,3.5,4.7,0.28,31.4,56.8,3.09,HEALTHY,None (System Operating within Safe Limits)
2026-10-05 17:41:13,4,360p,nano,30.0,120.0,4.2,5.4,0.28,35.1,55.5,3.43,HEALTHY,None (System Operating within Safe Limits)
2026-10-05 17:41:15,4,360p,nano,30.0,120.0,3.4,4.0,0.28,39.3,55.4,3.6,HEALTHY,None (System Operating within Safe Limits)
2026-10-05 17:41:18,4,360p,nano,30.0,120.0,3.2,3.8,0.28,21.4,57.8,3.2,HEALTHY,None (System Operating within Safe Limits)
2026-10-05 17:41:20,4,360p,nano,30.0,120.0,3.4,4.2,0.28,29.4,58.9,3.1,HEALTHY,None (System Operating within Safe Limits)
2026-10-05 17:41:23,4,360p,nano,30.0,120.0,3.4,4.5,0.28,34.2,56.7,3.49,HEALTHY,None (System Operating within Safe Limits)
2026-10-05 17:41:26,4,360p,nano,30.0,120.0,3.3,4.0,0.27,29.0,57.0,3.7,HEALTHY,None (System Operating within Safe Limits)
2026-10-05 17:41:28,4,360p,nano,30.0,120.0,3.7,5.0,0.27,34.2,56.4,3.35,HEALTHY,None (System Operating within Safe Limits)
2026-10-05 17:41:31,4,360p,nano,30.0,120.0,5.2,6.6,0.27,43.0,57.9,3.11,HEALTHY,None (System Operating within Safe Limits)
2026-10-05 17:41:34,4,360p,nano,30.0,120.0,5.3,7.5,0.27,41.2,57.5,3.45,HEALTHY,None (System Operating within Safe Limits)
2026-10-05 17:41:36,4,360p,nano,30.0,120.0,5.4,8.0,0.27,49.5,55.6,3.64,HEALTHY,None (System Operating within Safe Limits)
2026-10-05 17:41:39,4,360p,nano,30.0,120.0,5.6,7.2,0.27,40.8,59.1,3.17,HEALTHY,None (System Operating within Safe Limits)
2026-10-05 17:41:42,4,360p,nano,30.0,120.0,5.2,6.7,0.27,37.6,59.0,3.11,HEALTHY,None (System Operating within Safe Limits)
